,State,Year,Total Revenues,Total Expenditures,Enrollment,Average Math Score (4th Grade),Average Math Score (8th Grade),Average Reading Score (4th Grade),Average Reading Score (8th Grade),Average Revenue per Student,Average Spend per Student
12,Alabama,2003,5196054.0,5298932.0,727900.0,223.344642639352,261.939022225118,207.083847576707,253.172593739071,7138.417365022668,7279.752713284792
14,Alabama,2005,5889966.0,5904664.0,729342.0,225.07123624126496,262.211100048323,207.75203301297,251.978391189903,8075.725791192609,8095.8782025442115
16,Alabama,2007,7069040.0,7196459.0,743273.0,228.52001796592498,266.000109919931,216.38895388449,251.93688143753602,9510.691226507623,9682.120835816719
18,Alabama,2009,7186390.0,7815467.0,745668.0,227.962650411086,268.524120315168,216.273355869774,254.89524659554002,9637.519646813327,10481.16185755591
20,Alabama,2011,7376725.0,7411768.0,746933.0,231.286019035945,269.09651583719,220.273413326721,258.421090379483,9876.019669769577,9922.935524337523
22,Alabama,2013,7197439.0,7487741.0,744548.0,232.86133246614799,269.194280616502,218.57595339188,257.427838227608,9666.856938706436,10056.760611807433
24,Alabama,2015,7360222.0,7501799.0,734974.0,230.977422662321,266.555318518065,217.049089788052,258.753761500039,10014.261728986332,10206.89031176613
37,Alaska,2003,1425948.0,1610289.0,133303.0,232.99165432133597,279.02506986523105,211.54715356915298,256.409625298838,10697.043577413862,12079.915680817387
39,Alaska,2005,1599739.0,1751718.0,132568.0,235.51070553974498,278.958709394219,211.06131857044997,258.721274696008,12067.30885281516,13213.731820650533
41,Alaska,2007,1800616.0,1938755.0,132197.0,237.27389321932495,282.557154120707,214.476954408027,258.798455932602,13620.702436515201,14665.650506441145
43,Alaska,2009,2158970.0,2396412.0,130236.0,237.21228433612202,283.047662800849,211.127368273139,259.449426538116,16577.36724100863,18400.53441444762
45,Alaska,2011,2357828.0,2443898.0,131704.0,236.35965802610698,283.2727978671,207.92369589694,261.28525201639997,17902.47828463828,18555.989187875843
47,Alaska,2013,2545117.0,2665933.0,131091.0,236.122004416339,281.559572836526,209.347288173954,261.256092625584,19414.887368316668,20336.506701451664
49,Alaska,2015,2920986.0,2968341.0,130755.0,236.32841695089695,280.493456179845,212.792600219066,260.317018773005,22339.38281518871,22701.548697946542
64,Arizona,2003,6529894.0,6210287.0,875111.0,228.91139607018397,271.177350478914,208.87280135481998,255.320115210993,7461.789418713741,7096.570606471636
66,Arizona,2005,7550109.0,7136794.0,919875.0,229.80067307133098,274.305090048274,207.14273663584,254.78793822517503,8207.755401549124,7758.438918331295
68,Arizona,2007,8724434.0,8709531.0,969875.0,231.93693354533798,275.548426408372,209.520624281702,254.82879235400398,8995.421059414874,8980.055161747649
70,Arizona,2009,8802515.0,9580393.0,981303.0,229.991105224216,277.332281962623,209.989269506089,257.595275452299,8970.231416799908,9762.930511778726
72,Arizona,2011,8429186.0,8610417.0,946571.0,235.157597045644,279.033501713793,212.395049942915,260.14800521382597,8904.969621930104,9096.430167414805
74,Arizona,2013,8164324.0,7600581.0,941726.0,240.30491147057597,279.722267962505,213.13413148086602,260.448287236627,8669.532326812681,8070.904912893983
76,Arizona,2015,8230507.0,7902600.0,944978.0,237.61175542795,282.919489420654,215.311336461445,262.769391809157,8709.733983225007,8362.73437053561
91,Arkansas,2003,3241275.0,3242799.0,450158.0,229.00658865624402,265.77158934307596,213.615304459937,257.998089007686,7200.3052261650355,7203.690704152765
93,Arkansas,2005,3978240.0,3999608.0,461667.0,235.54546696397998,271.636348366415,217.071528896937,257.691731885046,8617.120132043226,8663.404575159153
95,Arkansas,2007,4415981.0,4779308.0,474532.0,237.670687444943,273.89986215628,217.027817745061,257.96099580386004,9305.970935574418,10071.624252948168
97,Arkansas,2009,4753142.0,5017352.0,474423.0,237.54059191157398,275.999499994013,216.15158139298802,258.048580163614,10018.784924002419,10575.692999707013
99,Arkansas,2011,5176362.0,5669431.0,475551.0,237.810156979715,279.088205018109,216.51486397474997,259.140937770185,10884.977636468013,11921.81490523624
101,Arkansas,2013,5067546.0,5226339.0,477716.0,239.89052210005002,277.91480245625803,218.523885266815,261.964490796451,10607.86324929456,10940.263671302615
103,Arkansas,2015,5308625.0,5350543.0,479682.0,235.215469726642,275.06475641246897,218.077496215637,258.76826797665797,11066.967282491318,11154.354343085628
118,California,2003,59815855.0,59749885.0,6226552.0,227.45498179673598,267.049500585455,205.632437100793,251.007500405859,9606.577605069386,9595.982656211656
120,California,2005,62171797.0,66196072.0,6307022.0,230.36695749900002,268.558128581435,206.512026480797,250.431056381298,9857.551947654536,10495.614570553267
122,California,2007,72516936.0,73225422.0,6288686.0,230.034091233638,270.381784005669,208.52218596154998,251.287791535591,11531.333572705014,11643.993991749629
124,California,2009,73958896.0,74766086.0,6234155.0,231.674927207631,270.448588146426,209.762405377999,252.631380782334,11863.499704450722,11992.978358735065
126,California,2011,70953331.0,69847705.0,6202604.0,234.164993212459,272.769803091291,211.35863599994,254.935218336086,11439.281147079517,11261.029238687493
128,California,2013,68868516.0,69727119.0,6208733.0,233.65446462441295,275.901350652197,212.54596789306305,261.50245565870097,11092.201259097468,11230.490826389216
130,California,2015,78248042.0,78365958.0,6226523.0,231.54934500615502,275.324573012154,212.677948539849,258.986842564294,12566.89198771128,12585.829683757693
145,Colorado,2003,6297242.0,6685029.0,751049.0,235.19311612499598,283.399858481467,223.66098196102797,267.592640864405,8384.595412549646,8900.922576289962
147,Colorado,2005,6910296.0,7284280.0,765388.0,239.21587446298,280.824007310133,223.65613000374802,264.75810609504504,9028.487512216027,9517.10766304149
149,Colorado,2007,7689014.0,8039146.0,790211.0,240.205890246617,286.19275616634104,223.73265289646199,266.407881623504,9730.330253565187,10173.41697344127
151,Colorado,2009,8310673.0,8682489.0,812068.0,243.132439997085,287.372907515934,225.69664059033198,265.51311994428,10233.961934222258,10691.8250688366
153,Colorado,2011,8747471.0,8676451.0,834832.0,244.456097110102,291.7426728709,223.43384362777198,270.636204320649,10478.121346570328,10393.050338271652
155,Colorado,2013,8826868.0,8699125.0,851063.0,246.975708032011,289.68180010958,226.663219629357,271.00908694257197,10371.580012290511,10221.481840944796
157,Colorado,2015,9648297.0,9557682.0,872320.0,241.563575620412,285.539188724412,224.023224923274,268.073225333677,11060.50188004402,10956.623716067497
172,Connecticut,2003,6959891.0,6751815.0,548466.0,240.61524163452304,283.729811207579,228.340614955382,267.218075351081,12689.740111511015,12310.36199144523
174,Connecticut,2005,7898694.0,7452057.0,552512.0,242.12073236174197,281.068953005311,225.753019686927,264.012759246181,14295.968232364183,13487.593029653654
176,Connecticut,2007,8913149.0,8685421.0,549230.0,242.755646830159,282.472790062009,227.203649213779,267.055691390062,16228.445277934561,15813.813884893396
178,Connecticut,2009,9681268.0,9323053.0,539250.0,244.717742733409,288.608513451696,228.97211669940896,271.810133169712,17953.20908669448,17288.925359295317
180,Connecticut,2011,9783168.0,9439182.0,530132.0,242.413406903396,286.999944694085,227.42730425383598,274.681399470751,18454.21140395222,17805.342820278725
182,Connecticut,2013,10319361.0,9758850.0,517812.0,243.440297394202,285.243972274119,229.58159936534,274.459542474537,19928.779170818754,18846.31874116475
184,Connecticut,2015,11099837.0,10542667.0,505366.0,240.159468855002,283.956677264342,228.947543364196,273.048030410963,21963.95681545652,20861.44893008236
199,Delaware,2003,1242436.0,1317447.0,111282.0,235.859424549367,277.158368932433,223.928811406218,264.532051451005,11164.752610485075,11838.814902679678
201,Delaware,2005,1431710.0,1480157.0,112562.0,239.71691237716598,280.95354283122003,225.83845909292003,266.00936537348,12719.3013628045,13149.704163039036
203,Delaware,2007,1694929.0,1705204.0,114678.0,241.794894891207,282.992082743316,225.07054230184897,264.544830664544,14779.896754390555,14869.49545684438
205,Delaware,2009,1718993.0,1798244.0,116804.0,239.490569439364,283.829472979958,225.513086784412,264.998966063101,14716.901818430875,15395.397417896647
207,Delaware,2011,1759170.0,1808905.0,119878.0,240.359832433478,282.769966403216,225.13051109460704,265.83947553632004,14674.669247067852,15089.549375198118
209,Delaware,2013,1930466.0,1924626.0,118685.0,243.107758182676,282.338298596548,225.77165116252,265.98498149856204,16265.458988077686,16216.253106963812
211,Delaware,2015,2017075.0,1975093.0,121845.0,238.67801881991002,279.810243773994,223.69869684708095,262.613290731544,16554.4339119373,16209.881406705239
226,District of Columbia,2003,1114061.0,1105963.0,67522.0,204.919850427599,243.05963824765098,188.374478503638,238.700733278197,16499.229880631498,16379.298598975147
228,District of Columbia,2005,1109605.0,1085658.0,62306.0,211.122298531209,245.215780768922,190.78735568684,238.20309296002998,17808.9590087632,17424.61400186178
230,District of Columbia,2007,1148358.0,1140506.0,56943.0,213.698898810354,248.198742417967,197.08595039547401,240.793624795109,20166.798377324692,20028.906099081538
232,District of Columbia,2009,801008.0,805362.0,44331.0,219.260141025805,253.595186871272,201.984637739722,242.49042430531398,18068.80061356613,18167.016309129052
234,District of Columbia,2011,1283071.0,1297175.0,44199.0,221.808283121753,260.46687784992,200.627987932281,242.056368171996,29029.412430145476,29348.51467227765
236,District of Columbia,2013,1300036.0,1308438.0,44179.0,228.56725387257598,265.259365712508,205.613936927868,247.739153738325,29426.560130378686,29616.740985536115
238,District of Columbia,2015,1382282.0,1360942.0,46155.0,231.307525116183,263.059776256545,212.305347670353,247.65344494672402,29948.694615967936,29486.33950817896
263,Florida,2003,19549835.0,20180142.0,2536699.0,233.72881145807003,271.371490239171,218.014488158342,257.30131978689604,7706.8012405098125,7955.276522756543
265,Florida,2005,23216404.0,23857012.0,2645280.0,238.930649601433,274.04837689747995,219.465222176412,255.77997000492599,8776.539345551322,9018.709550595779
267,Florida,2007,28898362.0,29849892.0,2656176.0,242.02025001893003,277.383497256758,223.534926816656,259.790720651776,10879.68643644096,11237.919475215496
269,Florida,2009,26494500.0,28867429.0,2623067.0,241.944909379496,279.33526411278,225.67340734479401,264.362040854787,10100.580732402184,11005.219843793544
271,Florida,2011,26453693.0,26991946.0,2636404.0,239.826451038787,277.837035214102,224.528585389604,262.121374840411,10034.00578970446,10238.167594951305
273,Florida,2013,24681548.0,25245400.0,2680074.0,241.675809566843,280.855839554008,227.46317661052,265.828297127322,9209.278549771387,9419.665277899043
275,Florida,2015,26971491.0,27277049.0,2743641.0,242.66432092861402,275.32381795874903,227.188968975009,263.383001406664,9830.546707823654,9941.916234667728
290,Georgia,2003,13524807.0,13516783.0,1495819.0,230.254976798559,269.677009232403,213.597219332523,257.714824971911,9041.740344252881,9036.376058868085
292,Georgia,2005,14724731.0,14492666.0,1552758.0,233.635737790752,272.191564411022,214.430920543413,256.872381537265,9482.95291346108,9333.499489295822
294,Georgia,2007,17755989.0,17389530.0,1628409.0,235.209017091471,274.778664644925,218.888171260588,258.70499279234,10903.887782491991,10678.846653389905
296,Georgia,2009,17972839.0,19025136.0,1649598.0,236.029572886478,277.561199732371,217.84810573368802,260.244524519648,10895.284184389166,11533.195360324153
298,Georgia,2011,18030043.0,17187481.0,1666039.0,238.366542086539,278.483619188656,220.810720110917,262.358643383963,10822.101403388515,10316.373746352876
300,Georgia,2013,17459504.0,17317504.0,1682620.0,240.04723664592998,279.179110912454,221.83671251456798,264.615713463699,10376.379693573119,10291.987495691243
302,Georgia,2015,18584666.0,18501103.0,1717805.0,236.452519256357,278.711796774375,222.013497271819,262.268605314622,10818.84497949418,10770.199760741178
317,Hawaii,2003,2078877.0,1602392.0,183829.0,226.834610206384,265.728581015081,208.259567530742,251.284801856226,11308.754331471095,8716.753069428654
319,Hawaii,2005,2274166.0,1765805.0,183185.0,230.096875403391,265.629319114115,209.578767644628,248.50542302122105,12414.58634713541,9639.462838114474
321,Hawaii,2007,2985593.0,2199604.0,180728.0,234.286134982354,268.77201335193297,213.496554967804,251.33081069192403,16519.814306582266,12170.798105440219
323,Hawaii,2009,2689758.0,2318671.0,179478.0,235.679780829025,273.758606683625,210.61641868594,254.738979931593,14986.561026978237,12918.970570209161
325,Hawaii,2011,2499513.0,2259104.0,179601.0,238.82192776062,277.836211052583,213.61457117423,257.188010446519,13917.032755942339,12578.460030846154
327,Hawaii,2013,2331770.0,2345917.0,184760.0,243.308618941163,281.41292228842497,214.843879930676,259.96056954683496,12620.534747780905,12697.104351591253
329,Hawaii,2015,2703683.0,2521004.0,182384.0,237.895806837329,279.340145034503,215.124313046421,257.35043981355,14824.123826651461,13822.506360207037
344,Idaho,2003,1685984.0,1726941.0,248515.0,234.943764703458,279.939266837246,218.25988551638,264.439775716816,6784.234352051184,6949.041305353801
346,Idaho,2005,1796035.0,1819519.0,253782.0,241.65011574286495,280.966896649599,221.85951138201,264.301743791415,7077.077964552253,7169.614078224618
348,Idaho,2007,2011951.0,1960472.0,262935.0,240.90284353732,283.507595771493,223.404065315834,264.88634244604697,7651.894955026908,7456.108924258848
350,Idaho,2009,2182273.0,2078446.0,267951.0,241.04280230401298,287.305215052426,221.022924421352,264.837184984886,8144.29877104396,7756.813745796806
352,Idaho,2011,2089982.0,1960818.0,265713.0,240.328832465338,286.675063250389,220.82977062234002,268.014671593394,7865.561715083568,7379.458287701392
354,Idaho,2013,2015534.0,1967676.0,272070.0,240.722019842936,286.413881629757,219.30298595179198,270.22416855056196,7408.1449626934245,7232.241702503032
356,Idaho,2015,2167967.0,2029520.0,274131.0,238.79962471268502,283.742325345327,221.69006616565895,268.553479550783,7908.507246535415,7403.467685157826
370,Illinois,2003,19627346.0,21278177.0,2062664.0,232.856775292011,277.16008095632196,216.3042879829,266.408968905567,9515.532340701151,10315.871610693745
372,Illinois,2005,21611180.0,22035569.0,2072437.0,233.067493972686,277.672238913307,216.489719991402,263.517029687837,10427.906855552184,10632.684612366987
374,Illinois,2007,23897153.0,23401917.0,2101075.0,237.28704131937096,280.497096028329,219.386811378061,262.826617097915,11373.774377402046,11138.068369763098
376,Illinois,2009,26987426.0,27716187.0,2117291.0,238.28566884936,282.43141699208803,219.16577996227002,264.514002261585,12746.205410593066,13090.40042204874
378,Illinois,2011,29507584.0,28525858.0,2072114.0,238.836878932328,283.228134687939,219.35749825998798,265.643729382276,14240.328476135966,13766.548558621775
380,Illinois,2013,30057886.0,29517831.0,2069823.0,239.00020401700297,284.89764716416903,218.540183872207,266.898720958132,14521.95960717414,14261.04116149062
382,Illinois,2015,32096832.0,32410033.0,2047123.0,237.307813789509,281.968567276813,222.02226769547298,266.806728332711,15678.995351036552,15831.991043039427
397,Indiana,2003,8246076.0,9777720.0,999713.0,237.96827988706295,281.220939756711,220.40649112667901,264.832532267553,8248.443303228025,9780.527011252228
399,Indiana,2005,11653165.0,11071431.0,1014528.0,240.06909881046798,281.714945536305,218.072533254427,261.013686455544,11486.292147678527,10912.888555071915
401,Indiana,2007,10458932.0,11462062.0,1034588.0,245.14425495640305,285.007210900174,221.673092302826,264.095960900362,10109.272483346027,11078.86617668096
403,Indiana,2009,12999357.0,11218398.0,1028259.0,242.616809561118,286.809977886735,222.659480848241,265.69124060951,12642.103789025918,10910.089773101912
405,Indiana,2011,12125155.0,11113533.0,1023220.0,243.836875966553,285.00291608665003,220.731342685885,264.729844537772,11849.998045386134,10861.332851195246
407,Indiana,2013,12236713.0,11211155.0,1002772.0,248.59677735800202,287.767653833023,225.33234084693905,267.272974657765,12202.886598349374,11180.163586538116
409,Indiana,2015,12456571.0,11378564.0,1004215.0,247.65218362008702,287.175201077669,227.278891330949,268.25346768003504,12404.286930587574,11330.804658364992
424,Iowa,2003,4374803.0,4517990.0,482210.0,238.476694547401,283.95334474435504,223.271129818993,267.5048316647,9072.40206549014,9369.341158416457
426,Iowa,2005,4638125.0,4599549.0,478319.0,239.880801811134,283.81092883167196,220.80940018770698,267.00317168531103,9696.719135137848,9616.070028579254
428,Iowa,2007,5194536.0,5198975.0,483122.0,242.819589303779,285.226903146597,224.89479538694698,267.450719560442,10752.017088851262,10761.205244224026
430,Iowa,2009,5732319.0,5732186.0,487559.0,242.59564400257702,284.170178554705,221.422298113147,264.888126041644,11757.180156657963,11756.907369159424
432,Iowa,2011,6098470.0,6057294.0,493493.0,242.60487294847198,284.92083605870397,220.70744695489498,264.55452746182596,12357.763939914043,12274.326079599912
434,Iowa,2013,6281345.0,6318241.0,499489.0,245.793505546843,285.07013777479,223.81580463461103,269.003449619325,12575.542204132624,12649.409696710038
436,Iowa,2015,6714410.0,6772654.0,505311.0,243.339911874178,286.41621998599,223.62939884096,268.200596266662,13287.678281296072,13402.941950600718
449,Kansas,2003,4068800.0,3818740.0,470264.0,241.74736576191398,284.19108805230303,220.14322971260398,266.011689626198,8652.161339162683,8120.417467635201
451,Kansas,2005,4223632.0,4076597.0,468481.0,245.782046485738,284.030053484553,220.468749319458,266.831233242163,9015.588679156679,8701.733901695052
453,Kansas,2007,5038100.0,4823931.0,468974.0,247.923654192161,290.03259982925704,224.65836220092098,267.413790936682,10742.81303441129,10286.137397808832
455,Kansas,2009,5615208.0,5827751.0,470445.0,245.308653571101,288.596403041255,223.924213283757,266.799519310717,11935.950004782706,12387.741393786733
457,Kansas,2011,5538869.0,5662146.0,482692.0,246.25533479144298,289.61928267473996,223.565091158237,267.336395789343,11474.955043796044,11730.34978827078
459,Kansas,2013,5667223.0,5621023.0,488590.0,246.18570187094397,289.518256078135,223.386368779104,266.887523609855,11599.138336846845,11504.580527640763
461,Kansas,2015,5991731.0,6175724.0,496920.0,241.067208517258,283.871096311731,221.08988042430698,266.76553060986,12057.737664010305,12428.00450776785
476,Kentucky,2003,4872025.0,4700494.0,660782.0,228.72634325953098,274.278472166639,219.044417325545,266.191435227824,7373.120030509305,7113.532148272804
478,Kentucky,2005,5444309.0,5750671.0,674502.0,231.492305367483,273.983027164396,219.926817858434,263.938418419941,8071.598008604868,8525.802740392171
480,Kentucky,2007,6226696.0,6351636.0,646360.0,235.087920190601,278.704749914375,222.432314246177,261.96595099365396,9633.479794541741,9826.77764713163
482,Kentucky,2009,6706922.0,6831006.0,669858.0,238.835902308004,279.284216093787,225.606242400736,266.854019810768,10012.453385642928,10197.692645306915
484,Kentucky,2011,7104589.0,7253850.0,672958.0,240.83070024317,281.608809706829,225.13506287333,268.833963566714,10557.25468751393,10779.053076120648
486,Kentucky,2013,7216175.0,7413896.0,685009.0,241.469926794712,280.64544247634996,224.427540486587,269.616471686598,10534.4236353099,10823.063638579932
488,Kentucky,2015,7548871.0,7554887.0,688475.0,241.72776193105202,277.947260135803,228.05516833276198,267.772900145423,10964.62616652747,10973.364319692073
503,Louisiana,2003,5478321.0,5515322.0,723252.0,226.247729119261,266.328359269062,204.729487524848,253.448288243581,7574.5673707089645,7625.726579394181
505,Louisiana,2005,5975074.0,5941561.0,717625.0,230.23119641348597,267.755030846034,209.165658287644,252.691593269226,8326.178714509668,8279.478836439645
507,Louisiana,2007,7048732.0,6657341.0,662302.0,230.043119251121,272.386299598469,207.40680552969897,253.23829428128897,10642.776256149007,10051.82077058502
509,Louisiana,2009,7984550.0,8053960.0,662774.0,229.432455453722,272.379906697646,207.48613716309399,253.329004007468,12047.168416383262,12151.894914405211
511,Louisiana,2011,8022917.0,8218870.0,665109.0,230.778869270132,272.843333892634,210.410726308503,254.68834784390495,12062.559670670522,12357.177545334675
513,Louisiana,2013,8121179.0,7940880.0,671156.0,231.36630864379,272.76096647842604,210.45496322432098,257.351242737394,12100.28517960057,11831.64569787054
515,Louisiana,2015,8448743.0,8437263.0,661015.0,234.28190182676997,268.432355132751,216.199337216284,255.46941777756905,12781.46940689697,12764.102176198725
529,Maine,2003,2162605.0,2154117.0,203848.0,237.61571038162498,281.903773320764,223.85949380546901,268.323265177592,10608.909579686826,10567.270711510537
531,Maine,2005,2324789.0,2325138.0,198745.0,240.691459684627,281.058540918142,224.57777217037602,269.983443790132,11697.345845178495,11699.10186419784
533,Maine,2007,2538161.0,2501127.0,193539.0,242.370603982666,286.47225311598703,225.54404578474097,269.920153818638,13114.467885025757,12923.11627113915
535,Maine,2009,2623127.0,2624504.0,187372.0,244.45573275395802,286.361425938805,223.790428000088,267.706499608477,13999.567704886536,14006.916721815425
537,Maine,2011,2654366.0,2728535.0,186835.0,244.257016536718,288.73229763660197,222.03733220763698,269.872413013173,14207.006181925228,14603.982123263842
539,Maine,2013,2650346.0,2535405.0,184682.0,245.84700179867198,288.73115973795603,224.83328901991797,269.193764016326,14350.862563758245,13728.49005317248
541,Maine,2015,2739589.0,2596180.0,176176.0,242.24465409976503,284.875476957911,223.728607946102,268.391236298695,15550.296294614476,14736.286440831895
556,Maryland,2003,8700979.0,8732518.0,866743.0,233.079852288453,277.71611251073995,218.67375979261502,261.59573193942504,10038.706975424087,10075.094924331665
558,Maryland,2005,9906219.0,9782665.0,865561.0,238.42170673666402,277.930794576753,220.02958576564998,260.78238344543,11444.853684489019,11302.109267862115
560,Maryland,2007,11674965.0,11541225.0,851640.0,240.32823069137902,285.734265236821,224.78126512650798,265.240121492132,13708.803015358602,13551.764830209948
562,Maryland,2009,13147931.0,12757599.0,843781.0,243.795041028457,288.341565298202,226.047783920533,267.29805648900395,15582.16053691657,15119.561829432045
564,Maryland,2011,13443940.0,13247697.0,851971.0,247.106555813795,287.997802255227,230.78284121169602,271.222896649808,15779.809406658207,15549.469406822533
566,Maryland,2013,13814727.0,13284637.0,859252.0,245.16937954677502,286.641381102957,232.05597314742198,273.801903090503,16077.619836788277,15460.699538668516
568,Maryland,2015,14491642.0,13882823.0,874108.0,239.49975090765,283.149034098785,222.944189619399,267.905529723763,16578.777450841317,15882.27427274433
582,Massachusetts,2003,11591832.0,11382398.0,967200.0,241.664527429109,286.52069448017,227.604259402914,272.90664505005697,11984.937965260546,11768.401571546732
584,Massachusetts,2005,12976279.0,12726283.0,955225.0,247.33704896217003,291.5135411152,231.279439344407,273.716062946534,13584.526158758408,13322.8119029548
586,Massachusetts,2007,14407777.0,14315518.0,945070.0,252.430319790792,297.923344483955,235.753462061818,273.284048809294,15245.195593977165,15147.574253758981
588,Massachusetts,2009,15298022.0,15174814.0,932437.0,252.25478970054797,298.854346618482,233.749463106304,273.58928971871103,16406.49395079775,16274.358482128015
590,Massachusetts,2011,15396681.0,15150898.0,924903.0,253.39645576405,298.512431105164,236.773866580369,275.36851762846,16646.806205623725,16381.066987565184
592,Massachusetts,2013,16114783.0,16201905.0,920968.0,253.03378520177898,300.568235011147,232.37315597277302,277.009559086016,17497.6578990801,17592.25619131175
594,Massachusetts,2015,16985185.0,16972319.0,916130.0,250.56577782628202,296.908571436848,235.27542341879,274.497568115749,18540.14714068964,18526.103282285265
609,Michigan,2003,18488359.0,19680370.0,1764327.0,235.68697467413898,276.441861597672,218.789056709096,264.37829249338796,10478.98660509078,11154.604560265756
611,Michigan,2005,19106382.0,20489512.0,1721351.0,237.70600298851105,277.346681960374,218.260689053895,261.138472348508,11099.643245334624,11903.157461784378
613,Michigan,2007,20576110.0,19839838.0,1686473.0,237.605553465148,276.830517083696,220.11845283265,260.31770609297297,12200.675611171955,11764.100581509458
615,Michigan,2009,19616665.0,19992550.0,1537515.0,236.279719737382,278.268168151681,218.23555034441898,261.898150017122,12758.682029118414,13003.157692770477
617,Michigan,2011,19374026.0,18469948.0,1455966.0,236.40221370650696,280.176517968298,218.860810368135,265.194041240472,13306.647270609341,12685.700078161166
619,Michigan,2013,18270327.0,17468264.0,1381167.0,236.819778402754,280.133597093752,217.36516772931998,265.942963067388,13228.180951325945,12647.466960910591
621,Michigan,2015,19025996.0,17742903.0,1345009.0,235.728893690295,278.168651923457,216.306630194926,264.496755061626,14145.62727833048,13191.661171040492
636,Minnesota,2003,8484497.0,8938770.0,825674.0,241.91229558307705,290.680055978624,222.608962298108,267.711358412271,10275.843734936549,10826.02819030271
638,Minnesota,2005,8777363.0,9082593.0,814660.0,245.746191132071,290.074995791089,225.226578117864,268.35667287108896,10774.265337686888,11148.936979844353
640,Minnesota,2007,9693509.0,10030105.0,810104.0,246.997762406425,291.85111653854,224.917004310155,268.197442761373,11965.758717399247,12381.255986885633
642,Minnesota,2009,10353784.0,11193640.0,800831.0,249.455534206082,294.443320106986,223.336661773101,269.739820132507,12928.800208783126,13977.530839840116
644,Minnesota,2011,10912368.0,10612480.0,798891.0,249.186686145154,294.946422810345,222.30867236980401,270.148960241064,13659.39533678562,13284.014965746266
646,Minnesota,2013,10848720.0,10942019.0,802454.0,253.420961133202,294.592972603507,227.030741772012,271.019654579448,13519.429151079064,13635.696251747764
648,Minnesota,2015,11684249.0,11969872.0,807044.0,249.575846952089,294.147777973073,223.352919981062,270.23681775626204,14477.833922314025,14831.746472311299
662,Mississippi,2003,3260771.0,3205193.0,491623.0,222.890600506289,260.911933580199,205.46440681013001,255.010828024612,6632.665680816398,6519.615640439931
664,Mississippi,2005,3639643.0,3610904.0,494382.0,226.698844722803,262.456242710419,204.39360704930303,250.530668896407,7362.005493727523,7303.874331994288
666,Mississippi,2007,4220926.0,4158733.0,494135.0,227.612377077088,264.890918700127,207.809518812675,250.063570104392,8542.050249425765,8416.187883877887
668,Mississippi,2009,4392101.0,4552756.0,491194.0,227.262260849183,265.001958154729,210.50651753667802,251.305654614612,8941.682919579636,9268.753282816971
670,Mississippi,2011,4516742.0,4345783.0,490526.0,229.868022217831,269.235645624753,209.18802012976502,253.83344043271302,9207.95635705345,8859.434566159593
672,Mississippi,2013,4444064.0,4370050.0,492847.0,231.105721411129,271.160967287249,208.518536453726,253.14781817765495,9017.127019135756,8866.950595215147
674,Mississippi,2015,4592343.0,4624539.0,490189.0,234.243053139768,270.580479347121,214.110686915211,251.97616520927798,9368.51500135662,9434.195789787205
688,Missouri,2003,7622601.0,7905481.0,921625.0,234.836425354607,278.766250348876,222.260230125215,267.363673296442,8270.82707174827,8577.763190017633
690,Missouri,2005,8340865.0,8170965.0,902659.0,235.035547623939,276.44993926095003,221.16862279503,264.659368767086,9240.327742813177,9052.106055553648
692,Missouri,2007,8908844.0,9245525.0,910142.0,239.411102894897,280.619538285703,220.776827870135,263.442315999206,9788.411039156526,10158.332436037454
694,Missouri,2009,9472520.0,10227305.0,893807.0,240.684380944942,285.808001946777,223.84235777869597,266.876460156868,10597.947879128269,11442.408707920165
696,Missouri,2011,9915356.0,9842505.0,896702.0,240.494831043156,281.947646246654,220.346171042259,266.76205134969103,11057.582117581984,10976.338850588045
698,Missouri,2013,10103589.0,10001763.0,897224.0,239.548361930055,282.988457911702,222.33418590941602,267.215011778953,11260.943755405562,11147.453701639724
700,Missouri,2015,10623391.0,10540353.0,892779.0,238.964922500718,280.821425670635,222.72551679114,266.876351831946,11899.239341427161,11806.22864113067
714,Montana,2003,1205602.0,1214879.0,149801.0,235.75491526568905,285.928022552419,222.74654162772703,269.833415980195,8048.023711457199,8109.952537032463
716,Montana,2005,1293070.0,1268328.0,146552.0,240.575488552507,286.432001216413,224.552179792932,269.224129746888,8823.28456793493,8654.457121021891
718,Montana,2007,1474306.0,1442434.0,144258.0,243.618811261651,287.07552895369497,226.66653258748403,270.937849960978,10219.92541141566,9998.987924413203
720,Montana,2009,1607935.0,1622485.0,141782.0,244.400751913997,291.542942879491,224.651750127955,270.393925995333,11340.896587719173,11443.518923417641
722,Montana,2011,1631810.0,1655584.0,141529.0,243.796606541624,292.907804277033,225.144216219664,272.87414076560697,11529.863137590177,11697.842844929308
724,Montana,2013,1671053.0,1679521.0,142797.0,243.69888459472,289.228453008852,222.982749322942,271.765782480696,11702.297667317942,11761.598633024503
726,Montana,2015,1804339.0,1804841.0,144447.0,241.287048262014,287.464005517244,224.757393529067,269.956777592733,12491.356691381614,12494.832014510512
741,Nebraska,2003,2600831.0,2623966.0,283934.0,236.254108414529,282.19375596569597,220.61180206660597,266.313690432675,9159.984362563131,9241.464565708933
743,Nebraska,2005,2895640.0,2708776.0,284553.0,237.706178475691,283.9629910353,221.377462774998,267.455694338449,10176.100761545302,9519.40763232157
745,Nebraska,2007,3234014.0,3117931.0,287135.0,238.040808639328,283.65059864617297,222.902554305927,267.030850555401,11263.043516116113,10858.763299493268
747,Nebraska,2009,3522481.0,3523803.0,292161.0,238.748463363704,284.259093531038,222.523307331545,267.067856574245,12056.643426056182,12061.168328421658
749,Nebraska,2011,3879388.0,3676326.0,297659.0,239.80326865057597,283.197044839966,223.311726013091,267.70386518897203,13032.994130867872,12350.797388958506
751,Nebraska,2013,3870164.0,3913038.0,303242.0,243.157929125431,285.061348473454,223.252785111637,269.221914635868,12762.625230014311,12904.010658154213
753,Nebraska,2015,4248695.0,4283846.0,312281.0,243.863666875446,286.49856348622797,226.634610885937,269.426210864772,13605.35863533164,13717.920718839763
766,Nevada,2003,2778564.0,3009028.0,369498.0,227.513598313738,268.04313771367,206.959682725248,252.309915677623,7519.835019404706,8143.556934002349
768,Nevada,2005,3381646.0,3483540.0,399727.0,229.87159551387995,269.905585503685,207.186974378559,252.86906252292005,8459.888874156612,8714.797849532306
770,Nevada,2007,4006081.0,4346371.0,422782.0,231.781600510466,270.80402437492296,210.819009123413,252.348473866768,9475.524028932168,10280.406923662786
772,Nevada,2009,4442101.0,4577881.0,430985.0,235.152273891367,274.148541684888,211.140588986901,253.84095441963,10306.857547246424,10621.903314500505
774,Nevada,2011,4146577.0,4258855.0,429610.0,237.031878873139,278.113153726165,212.575191683097,258.19326424883997,9651.956425595306,9913.305090663625
776,Nevada,2013,4131800.0,4057443.0,431776.0,236.262899387868,278.28668090862004,213.75531361813802,261.695982235772,9569.313718224264,9397.10173793819
778,Nevada,2015,4345419.0,4183085.0,438948.0,233.827016206925,275.171868843271,214.425584466776,259.417376365165,9899.62136745127,9529.796240101334
793,New Hampshire,2003,2028602.0,2122604.0,203702.0,243.11014219523705,286.198468660005,227.789508496749,270.734453004041,9958.67492709939,10420.143150288166
795,New Hampshire,2005,2332695.0,2333264.0,202223.0,245.62592639978698,285.2533570362,227.438324133747,269.65127033258597,11535.260578668105,11538.07430410982
797,New Hampshire,2007,2600123.0,2608190.0,198625.0,248.571526557139,287.55706095499403,229.01717335240897,269.734588561039,13090.612964128382,13131.227186910006
799,New Hampshire,2009,2816162.0,2757401.0,197024.0,251.071752631735,292.321817220053,229.144520432665,270.748158823326,14293.497238915055,13995.254385252558
801,New Hampshire,2011,2947007.0,3001244.0,189275.0,251.77883682247003,292.10873973776,230.392676367953,272.078626455018,15569.974904239862,15856.526218465197
803,New Hampshire,2013,2976317.0,2878534.0,187703.0,252.993525166642,295.665123344221,231.998366395397,274.307731748779,15856.523337400042,15335.578014203289
805,New Hampshire,2015,3093061.0,3044720.0,183039.0,249.150621351838,294.413018726344,231.94984764811198,274.8067462817,16898.371385333183,16634.269199460225
820,New Jersey,2003,19785039.0,19812932.0,1350330.0,238.776541201516,281.40711990453605,225.07332803577003,267.786953088416,14652.002843749306,14672.659275880711
822,New Jersey,2005,23026334.0,23023365.0,1368959.0,243.978931397732,283.902604236295,223.298393451738,269.423228138126,16820.324056454578,16818.155255197562
824,New Jersey,2007,25293076.0,25572112.0,1363804.0,248.621522373251,288.583451449458,230.64697200838,270.141550284263,18545.97581470651,18750.57706239313
826,New Jersey,2009,26510413.0,26145334.0,1354912.0,246.52986977978,292.657227109585,229.394486392659,272.80263385761003,19566.151159632507,19296.702664084456
828,New Jersey,2011,26242376.0,25716298.0,1399409.0,248.00416256175097,294.138771366004,231.23762972371003,275.183164316271,18752.47050719268,18376.54181157903
830,New Jersey,2013,28070096.0,28179900.0,1338657.0,246.87090919859298,296.053351131027,228.71974406764198,276.37798779341,20968.848629634027,21050.874122347996
832,New Jersey,2015,29335237.0,28809725.0,1339230.0,245.383220077076,293.36593817877,229.487674441138,270.85371153052995,21904.554856148683,21512.156239032876
847,New Mexico,2003,2626262.0,2658140.0,320264.0,222.51800923908297,263.27290665162496,203.185312558191,251.59915596535402,8200.303499612819,8299.84013189119
849,New Mexico,2005,2982991.0,3011696.0,326102.0,224.027218256997,263.275162986677,206.79162070609902,251.03333074844502,9147.41706582603,9235.441671624216
851,New Mexico,2007,3272953.0,3279467.0,327816.0,228.06431284199505,267.53807866263304,211.631884615174,250.75317445252998,9984.116089513629,10003.986992703223
853,New Mexico,2009,3703477.0,3945515.0,328737.0,230.029589245712,269.704253797704,207.645730781769,254.129173669956,11265.77476827981,12002.041145353276
855,New Mexico,2011,3591330.0,3694437.0,331373.0,232.840370734081,274.454701456959,208.01411935219,255.86163460115003,10837.726670549502,11148.877548864873
857,New Mexico,2013,3518621.0,3536546.0,327209.0,232.78143293135602,272.76180889422903,205.756405354204,255.87007704604198,10753.435877375012,10808.21737788386
859,New Mexico,2015,3789651.0,3846641.0,326297.0,231.167235964367,270.897534405553,207.24044637637695,253.227767643793,11614.1153611587,11788.77219220526
874,New York,2003,38033080.0,41603390.0,2879228.0,235.930075481869,279.749257044273,222.18820710677602,265.329794503317,13209.471427757719,14449.494795132583
876,New York,2005,43936450.0,45086872.0,2816426.0,238.173976704232,279.716253699868,222.695200017251,265.13856181731603,15600.072574248356,16008.541321518835
878,New York,2007,50762544.0,51253984.0,2754976.0,242.54301817964298,280.14117723747603,223.75202728955898,263.54571646767005,18425.76632246524,18604.149001660997
880,New York,2009,55885116.0,57851481.0,2696688.0,240.641098758037,282.576915418605,224.36874884831101,264.288057457975,20723.61207525676,21452.789866680905
882,New York,2011,57753776.0,59446908.0,2677412.0,237.519942618542,280.45302609298597,222.49381094408798,265.69702830715,21570.746676267976,22203.1230158078
884,New York,2013,59623918.0,60505950.0,2629805.0,240.34981686683895,281.807787831651,223.81336257734,266.346063235407,22672.372286158097,23007.77053811975
886,New York,2015,63712218.0,65094591.0,2631532.0,236.796927043204,280.089220069279,222.64630319770302,263.247658592835,24211.07476557382,24736.385877124045
901,North Carolina,2003,9907235.0,9989670.0,1314632.0,242.04012560616403,281.240350571106,221.220579655011,261.71164481782,7536.127981062381,7598.833742066221
903,North Carolina,2005,11098165.0,10917913.0,1347177.0,241.23554932895803,281.82513658657797,217.13444866524398,258.160185489234,8238.08972391898,8104.2899336909695
905,North Carolina,2007,13063307.0,12794086.0,1416028.0,241.617994022296,283.880668759806,217.934042613497,259.13670308841097,9225.316872265237,9035.192806921897
907,North Carolina,2009,15410564.0,14868070.0,1452064.0,243.77846013203305,284.332635252336,219.296045907462,259.528486560755,10612.868303325475,10239.266313330543
909,North Carolina,2011,14409515.0,13767024.0,1448117.0,244.51790076388198,286.267028242857,221.356963571717,262.928956255321,9950.518500922233,9506.845096079944
911,North Carolina,2013,12729402.0,13650536.0,1468228.0,244.801732892983,285.645388424867,222.227715159886,264.540999710832,8669.908215890175,9297.286252543883
913,North Carolina,2015,13146934.0,14060699.0,1465031.0,243.74226678887902,281.331091062317,225.810590900179,260.594556550199,8973.826492408693,9597.543669724395
928,North Dakota,2003,882913.0,895278.0,103785.0,237.57738683297904,287.14464048292,221.642245735878,269.73035434547,8507.13494242906,8626.275473334297
930,North Dakota,2005,969520.0,985502.0,100413.0,242.73699505931702,286.960953441317,224.810846710111,270.243755830946,9655.323513887644,9814.48617210919
932,North Dakota,2007,1045678.0,1042175.0,96577.0,245.415854173904,291.561611918756,226.325481086957,268.017670542433,10827.401969413007,10791.13039336488
934,North Dakota,2009,1150142.0,1137260.0,94653.0,245.18952627083002,292.842488544915,225.967471901352,269.239984852546,12151.141538038943,12015.044425427615
936,North Dakota,2011,1309044.0,1312226.0,96255.0,245.15641599478298,291.998404485775,225.57752634611,268.69421789306097,13599.750662303259,13632.808685263104
938,North Dakota,2013,1405349.0,1516575.0,101025.0,246.424794889496,290.515111260981,224.08338500152198,267.779199654396,13910.903241771839,15011.878247958426
940,North Dakota,2015,1644533.0,1804762.0,106061.0,244.71383057757998,288.244147214039,224.69198435116002,266.95532299054,15505.539265139872,17016.264225304305
955,Ohio,2003,18018740.0,18760200.0,1803966.0,237.78206789556305,281.607295379003,221.86579907669,266.566105917826,9988.403329109307,10399.419944721796
957,Ohio,2005,19746239.0,19785561.0,1778784.0,242.105935222061,283.251774708647,222.533253783097,266.767281184036,11100.976284922734,11123.082397862809
959,Ohio,2007,22142424.0,21336580.0,1758645.0,244.532731712557,284.851639473941,225.666987806902,267.978979400559,12590.61607089549,12132.397385487122
961,Ohio,2009,22779344.0,22427481.0,1729072.0,243.68755285939704,285.583013784517,224.532178118541,268.67823553327,13174.317784337494,12970.81960728067
963,Ohio,2011,23488657.0,23010396.0,1655534.0,244.038621552155,288.602596832439,223.82821391211,268.283949224188,14187.964125170489,13899.077880611332
965,Ohio,2013,22536516.0,22015797.0,1613718.0,245.549796905114,289.528096752185,223.88774613674198,269.086973442103,13965.585065048539,13642.902291478436
967,Ohio,2015,24378660.0,22561728.0,1600222.0,243.598591203345,285.061955059169,224.930419714072,265.879220258589,15234.548706366992,14099.123746580162
982,Oklahoma,2003,4426835.0,4376502.0,624202.0,229.096621276342,271.905151347835,213.57935707208,261.719961000332,7091.991054177975,7011.355298445054
984,Oklahoma,2005,4892548.0,4785987.0,629145.0,233.95532879955002,271.35990240867903,213.861450098821,259.631359955752,7776.503031892488,7607.128722313616
986,Oklahoma,2007,5491931.0,5505213.0,639032.0,236.80219418762002,274.534989354995,216.955654036521,259.547225161046,8594.140825498567,8614.925387148061
988,Oklahoma,2009,6029807.0,5941799.0,644549.0,236.780985587581,275.711956830545,217.19062755925304,259.495771007061,9355.079287998275,9218.53730282725
990,Oklahoma,2011,5835133.0,5644988.0,658163.0,237.42908227430198,279.179608185009,215.47758572983398,260.121264611744,8865.787046673848,8576.884449596833
992,Oklahoma,2013,5878111.0,5796945.0,671445.0,238.921877478041,275.50673202657697,216.988876495215,261.931495221637,8754.419200381268,8633.536626231486
994,Oklahoma,2015,6121188.0,6184819.0,671715.0,239.760481447062,274.58598213813997,221.830510126344,262.673145850428,9112.775507469685,9207.504670879762
1008,Oregon,2003,4592019.0,4978764.0,552135.0,236.30590556784,280.892470910844,217.61453525022702,264.025569883652,8316.840989975277,9017.29468336548
1010,Oregon,2005,5022050.0,5597579.0,550502.0,238.324930566673,282.237325362273,216.899980219675,263.156890818544,9122.67348710813,10168.135628935044
1012,Oregon,2007,5648586.0,5634955.0,559643.0,236.039657297687,283.826277204194,215.01732344376998,265.710210180337,10093.195126178653,10068.838527418371
1014,Oregon,2009,6158756.0,6715011.0,560726.0,238.03232724765098,285.036814371216,218.142340516871,265.08924671644,10983.53919739766,11975.565606017914
1016,Oregon,2011,6112484.0,6317635.0,559631.0,236.914497047468,282.518206779261,216.44015438168896,264.225611626444,10922.347046536022,11288.929669728803
1018,Oregon,2013,6077498.0,6228197.0,564006.0,240.09925201800598,283.524589064024,219.132674237737,268.282662715666,10775.591039811634,11042.785005833271
1020,Oregon,2015,7111710.0,7011609.0,570376.0,237.74670893826,282.81489935264597,220.222719958397,267.670519675172,12468.459402218887,12292.959381180135
1035,Pennsylvania,2003,19811545.0,20626459.0,1757066.0,235.947017122469,278.537758124922,218.69842753610905,264.267365101484,11275.356190376457,11739.148671706129
1037,Pennsylvania,2005,22657782.0,23183924.0,1755560.0,240.57296331100704,280.713835066326,222.771980355527,266.821911059188,12906.29884481305,13205.999225318417
1039,Pennsylvania,2007,25334577.0,25627083.0,1760451.0,244.001273492789,286.16686332577,226.353658210298,267.665630227785,14390.958339652738,14557.112353595756
1041,Pennsylvania,2009,26755585.0,27328680.0,1687145.0,243.58787315025,288.30416892392503,223.67943988465802,270.700536709088,15858.497639503421,16198.180950659249
1043,Pennsylvania,2011,28492510.0,28810721.0,1670854.0,245.654910289272,286.10274173594104,227.23646319431,267.750596675669,17052.662889755775,17243.111007903743
1045,Pennsylvania,2013,28484645.0,28495118.0,1623694.0,244.012619964297,289.623651633339,226.40232361222095,272.085365342425,17543.11157151532,17549.561678493606
1047,Pennsylvania,2015,29967185.0,29690645.0,1589429.0,243.312239940824,283.66841544434897,226.670774068,268.746120751013,18854.05702299379,18680.07001256426
1062,Rhode Island,2003,1728055.0,1646238.0,157286.0,230.29796199237305,271.998694378475,216.494015184678,260.879572089782,10986.705746220261,10466.52594636522
1064,Rhode Island,2005,1903472.0,1790591.0,153596.0,233.436772307714,272.345018074323,216.43986733386902,260.968326762196,12392.718560379177,11657.797078048909
1066,Rhode Island,2007,2100679.0,2082332.0,147861.0,235.87793575221198,275.386990471622,218.761444851879,258.321117711185,14207.120200729063,14083.037447332292
1068,Rhode Island,2009,2179714.0,2171376.0,141521.0,238.76685909351104,277.92371937219,222.704885161548,259.885589729898,15402.053405501658,15343.136354321974
1070,Rhode Island,2011,2212352.0,2198940.0,139157.0,241.624774676562,282.875659622898,222.481596913528,265.119556331117,15898.244428954345,15801.864081576923
1072,Rhode Island,2013,2282659.0,2231413.0,136401.0,241.41673523663502,284.092212214805,222.80223975373198,266.677052388789,16734.913966906402,16359.21290899627
1074,Rhode Island,2015,2367068.0,2326473.0,134574.0,238.00172968276402,281.445219579398,225.485536668854,265.05085783205897,17589.341180317148,17287.685585625753
1088,South Carolina,2003,5709707.0,6024747.0,691736.0,235.793223537785,277.300449617316,214.807724490456,258.08899144280497,8254.170666265743,8709.604531208437
1090,South Carolina,2005,6337711.0,6572191.0,701176.0,238.302675325314,281.23432113535,213.20350717718102,257.16910456442,9038.687861535476,9373.097481944618
1092,South Carolina,2007,7130274.0,7660995.0,701580.0,237.10741145424402,281.50360148092096,213.836527211386,257.42120279297296,10163.165996750193,10919.631403403746
1094,South Carolina,2009,7669733.0,8427391.0,714290.0,235.66830247692798,280.380855413571,215.942298236521,257.27418459256097,10737.561774629352,11798.276610340337
1096,South Carolina,2011,7772777.0,7961448.0,713511.0,237.303024975307,281.000133716553,214.899808914466,260.30701989879503,10893.703110393533,11158.129307046423
1098,South Carolina,2013,8254462.0,8224795.0,722249.0,236.625899742704,279.824608578537,213.64654387011,261.449050699613,11428.831331022957,11387.755469374137
1100,South Carolina,2015,8759944.0,8783362.0,737401.0,237.08957145861402,275.827866191395,217.969676534277,260.331422813083,11879.484839320805,11911.242322698234
1113,South Dakota,2003,965778.0,993823.0,127632.0,237.26482055278802,284.881736383978,222.27317857721198,269.97105860956503,7566.895449417074,7786.628745142284
1115,South Dakota,2005,1053504.0,1059303.0,124862.0,241.594186083007,287.303617983357,222.39869209845298,268.540435645755,8437.346830901315,8483.79010427512
1117,South Dakota,2007,1136570.0,1096568.0,121158.0,241.213428581694,288.463925271604,223.39852668799702,269.596763416027,9380.8910678618,9050.727149672328
1119,South Dakota,2009,1258876.0,1273527.0,126624.0,242.097789760041,290.619127707892,222.166592778336,270.06099022928,9941.843568359867,10057.54833206975
1121,South Dakota,2011,1297661.0,1350617.0,125613.0,240.979792262817,290.61519679044,219.814446299081,268.941537575366,10330.62660711869,10752.207176008853
1123,South Dakota,2013,1316613.0,1332496.0,130296.0,240.98109972224202,287.270390625653,217.930744868492,268.100772835989,10104.784490698103,10226.683858291888
1125,South Dakota,2015,1415149.0,1464781.0,132836.0,239.723094945658,284.64140569223997,220.469524583778,267.079864989695,10653.354512330994,11026.988165858653
1139,Tennessee,2003,5994756.0,6482671.0,905050.0,227.75504472077301,268.175728562365,211.94754112042,258.10836458389,6623.673830175128,7162.776642174465
1141,Tennessee,2005,6806262.0,7067521.0,940769.0,231.688079714459,270.524576784271,214.221269348578,259.072341834008,7234.785584984199,7512.493502655806
1143,Tennessee,2007,7617488.0,7817659.0,978084.0,232.753710108317,273.978786623685,215.749268590355,259.161954905287,7788.173612900324,7992.8298591940975
1145,Tennessee,2009,8112895.0,8611178.0,971484.0,231.82548619984797,274.761821088186,216.737811108148,260.94667619164903,8351.033058701943,8863.942175064129
1147,Tennessee,2011,8679893.0,8961443.0,986382.0,232.90111698293097,274.038710319906,214.640214936919,259.20837071319903,8799.727691705648,9085.164773890845
1149,Tennessee,2013,9008032.0,9248235.0,992461.0,239.774787022732,277.720127269641,219.735394665222,265.359504625647,9076.459427624863,9318.487074051272
1151,Tennessee,2015,9455920.0,9562527.0,994530.0,240.66739574311904,278.203380665353,218.61326439370097,264.771228998921,9507.92836817391,9615.121715785346
1166,Texas,2003,35143236.0,37333674.0,4201914.0,237.305921828857,277.052648954338,214.80800561674096,258.77725796924096,8363.625719136564,8884.921014566218
1168,Texas,2005,37783715.0,40302144.0,4334611.0,241.990916323988,281.10284504749296,218.733823976846,258.191597999486,8716.748746311954,9297.753362412452
1170,Texas,2007,44355326.0,45920825.0,4513835.0,242.339759859575,285.870708420456,219.60431305031602,260.812919224922,9826.52799670347,10173.350377229119
1172,Texas,2009,48087531.0,53575273.0,4647205.0,240.464623710389,286.685076683873,218.858272374458,260.368795018986,10347.624217136967,11528.493578398198
1174,Texas,2011,51023159.0,52691826.0,4800196.0,241.10179365066003,290.34670935526503,218.320844616792,261.428390874698,10629.390758210706,10977.015521866191
1176,Texas,2013,49734537.0,50674724.0,4897523.0,241.926288740505,288.198967599188,216.909597076471,263.684137731278,10155.038986034368,10347.010927768997
1178,Texas,2015,55582029.0,56255791.0,5004866.0,244.00247204328,283.793540280437,217.942913018264,260.655135980903,11105.597832189713,11240.219218656403
1192,Utah,2003,2875622.0,2957874.0,483066.0,234.782950865289,280.64536966117,219.270338418871,264.30344257817404,5952.855303416096,6123.126032467613
1194,Utah,2005,3181279.0,3188018.0,488055.0,238.797423758414,279.15612342679196,221.310927118758,261.87087212251,6518.279702082757,6532.087572097407
1196,Utah,2007,3656090.0,3618540.0,504079.0,239.40498890696202,281.08747370552504,221.26142812873903,262.22802467896196,7253.009944869753,7178.517652986932
1198,Utah,2009,4238943.0,4419750.0,532433.0,240.318712615955,284.068251870422,219.204130166973,265.591577109328,7961.458061389883,8301.044450663276
1200,Utah,2011,4141253.0,4195916.0,545395.0,242.53751311453098,283.308332086503,220.41603448313703,267.08740609916197,7593.12608293072,7693.352524317238
1202,Utah,2013,4300793.0,4584624.0,562315.0,242.82068873480802,284.331486246838,222.767635531589,270.041925765873,7648.369686030072,8153.124138605585
1204,Utah,2015,4705084.0,4537962.0,573913.0,242.562787058815,286.116911188659,226.14307488268398,269.430664700586,8198.2530453222,7907.055599019363
1217,Vermont,2003,1451171.0,1440961.0,94901.0,241.92607241845903,285.6455721843,226.121746629112,270.519439020331,15291.419479246795,15183.83367930791
1219,Vermont,2005,1628681.0,1634534.0,92819.0,243.52885539429298,287.35648761684104,226.88625100599202,268.772420626961,17546.849244228015,17609.907454292763
1221,Vermont,2007,1836316.0,1804519.0,89329.0,246.35740495721402,291.010773791979,228.248538219188,273.045757236707,20556.773276315642,20200.819442734162
1223,Vermont,2009,1683034.0,1661019.0,86320.0,247.767226051132,292.866096352356,228.735783571246,272.305134189083,19497.613531047264,19242.574142724745
1225,Vermont,2011,1686499.0,1722515.0,86982.0,246.639729922321,293.882577068531,226.771642682085,273.84076504911496,19389.0575061507,19803.120185785567
1227,Vermont,2013,1817307.0,1809138.0,89200.0,247.803294738209,295.469562357463,227.98651907652697,274.368547733738,20373.396860986544,20281.816143497756
1229,Vermont,2015,1996795.0,1969415.0,85184.0,243.25039915815398,290.355191159079,230.098616569303,273.961831447048,23440.963091660407,23119.5412283997
1244,Virginia,2003,10504167.0,10746679.0,1175458.0,239.20308912003503,281.676643366069,223.340359189755,268.004817111028,8936.233366058166,9142.546139462234
1246,Virginia,2005,12182657.0,12385157.0,1203697.0,240.497568178325,284.371628221298,225.81371068133998,267.80896673815397,10121.032950983512,10289.264657135476
1248,Virginia,2007,14176385.0,14700853.0,1220440.0,243.52112978321603,287.62590496388196,227.13672485221198,266.87873748607603,11615.798400576841,12045.535216807053
1250,Virginia,2009,15251481.0,15510318.0,1235064.0,243.07129688880002,286.069754986907,226.52756797670398,265.641981716133,12348.73739336585,12558.311148248189
1252,Virginia,2011,14655345.0,14675815.0,1250852.0,245.333618143766,289.255411153431,226.37843469423998,267.272891187823,11716.29017661562,11732.655022336776
1254,Virginia,2013,15322318.0,15634918.0,1264880.0,246.177456938875,288.142959517699,228.555737669337,267.589864309109,12113.653469103789,12360.791537537158
1256,Virginia,2015,15857524.0,16113212.0,1279867.0,246.612621705962,287.70929867527803,228.97125501022703,266.836053468874,12389.97802115376,12589.755029233507
1269,Washington,2003,8565636.0,8802387.0,1014577.0,238.292839469301,281.151364414263,221.096695134157,264.494066459256,8442.568676404058,8675.918141254928
1271,Washington,2005,9141383.0,9399603.0,1019925.0,241.68467451823898,285.052229728136,223.486397868759,264.656551932316,8962.799225433242,9215.974704022354
1273,Washington,2007,10350748.0,10682397.0,1026121.0,242.54223198471402,284.862804344983,223.999336825378,264.947778144606,10087.2587151028,10410.465237530467
1275,Washington,2009,12025012.0,12240632.0,1035907.0,242.25709121275398,288.722375608773,221.330110400417,266.917617143622,11608.196488680933,11816.342586738
1277,Washington,2011,11905941.0,11928408.0,1042979.0,243.182884658018,288.107761945489,220.52878797215598,267.577473732317,11415.321880881591,11436.863062439415
1279,Washington,2013,12242231.0,12097549.0,1050901.0,246.288338069866,289.956988743835,225.048863335833,272.036124410819,11649.271434702221,11511.59719136246
1281,Washington,2015,13709442.0,13630138.0,1072359.0,244.98142218530103,286.513107597489,225.89288905903095,267.25088066645696,12784.377246798878,12710.424400783691
1296,West Virginia,2003,2497707.0,2524444.0,281591.0,230.767748452518,270.770353447282,219.179524491303,259.564237912782,8869.981640038211,8964.931407608909
1298,West Virginia,2005,2701056.0,2698703.0,279456.0,230.84326791657296,269.099492803301,214.767066412741,255.07337956310002,9665.407076605978,9656.987146455971
1300,West Virginia,2007,2905489.0,2983267.0,281298.0,236.33780580016705,270.084093587271,215.13055545931095,254.99855238547798,10328.864762636065,10605.361573846953
1302,West Virginia,2009,3097212.0,3121728.0,281908.0,232.983144485532,270.415765915327,214.520200208315,254.799747493408,10986.605559260468,11073.570100883977
1304,West Virginia,2011,3475642.0,3670119.0,282130.0,234.655806758932,273.263173122564,214.386024190084,256.10686155675097,12319.292524722645,13008.609506255982
1306,West Virginia,2013,3486366.0,3488877.0,282310.0,237.440632664342,274.430134697899,214.663401291545,257.383509312362,12349.424391626226,12358.318869328043
1308,West Virginia,2015,3478401.0,3466981.0,279565.0,235.20466146206505,271.45070884715,216.25328788386398,260.185272642999,12442.190546026863,12401.341369627815
1323,Wisconsin,2003,8931497.0,9128279.0,875390.0,236.75541398272597,283.91586565449404,220.833427555838,266.46861763683603,10202.877574566764,10427.671095169011
1325,Wisconsin,2005,9584108.0,9433502.0,869301.0,240.568581924116,284.541556582959,221.16422654343899,266.228560789199,11025.074168786185,10851.824626912887
1327,Wisconsin,2007,10154985.0,9988878.0,870584.0,244.181214196835,285.617942521924,223.31800981087602,264.184509633385,11664.566543837242,11473.76703454233
1329,Wisconsin,2009,10991081.0,10880480.0,867035.0,243.585253522635,288.140726236317,220.135540597472,265.812615742952,12676.628971148799,12549.066646675163
1331,Wisconsin,2011,11664303.0,11440718.0,864251.0,244.691865519641,288.665932686223,221.23990687237202,267.16702974162,13496.429856604158,13237.726077262278
1333,Wisconsin,2013,11097447.0,10845059.0,863737.0,244.706291648161,288.74578084165404,220.818103448031,267.54299418783296,12848.17832279965,12555.973635493212
1335,Wisconsin,2015,11637376.0,11553677.0,861813.0,243.31021131879902,289.077749211995,223.35635551293495,269.533726363214,13503.365579307807,13406.24590253338
1350,Wyoming,2003,962240.0,915515.0,85966.0,241.08570064627895,283.50334994463,222.075166369555,267.00102854451,11193.262452597539,10649.733615615476
1352,Wyoming,2005,1132160.0,1033603.0,84146.0,242.955913765367,282.10060959815496,223.262145963811,268.124234884295,13454.709671285622,12283.447816889693
1354,Wyoming,2007,1477891.0,1390344.0,85034.0,243.86691506428397,286.987771483089,225.289483281059,266.22554358249,17380.00094080015,16350.448056071687
1356,Wyoming,2009,1675761.0,1658156.0,86971.0,242.009195680162,286.10403398533,222.65219632999901,268.159428117446,19268.043370778767,19065.61957434087
1358,Wyoming,2011,1650621.0,1656850.0,88165.0,243.874435027563,287.767926048951,224.062278090794,269.568729685871,18721.95315601429,18792.604775137526
1360,Wyoming,2013,1695967.0,1675477.0,91533.0,246.52240092011502,288.119137263578,225.84897495660198,270.966172221906,18528.476068740238,18304.622376629195
1362,Wyoming,2015,1962874.0,1942406.0,93867.0,246.75976446726798,286.666547067471,228.160802772906,268.803363090763,20911.225457295965,20693.172254359895
