State,Year,Total Revenues,Total Expenditures,Enrollment,Average Math Score (4th Grade),Average Math Score (8th Grade),Average Reading Score (4th Grade),Average Reading Score (8th Grade)
Alabama,1990,,,,,252.863659941877,,
Alabama,1992,,,,208.327875923738,252.18752241295,207.35849222974701,
Alabama,1993,2827391.0,2833433.0,727716.0,,,,
Alabama,1994,2970223.0,3103266.0,730004.0,,,207.963517196451,
Alabama,1995,3367437.0,3353363.0,727480.0,,,,
Alabama,1996,3365113.0,3572283.0,735912.0,211.646973546124,256.594863207309,,
Alabama,1997,3981788.0,3963624.0,737386.0,,,,
Alabama,1998,4140537.0,4245033.0,739321.0,,,210.920767475306,255.226634758003
Alabama,1999,4471546.0,4622810.0,737639.0,,,,
Alabama,2000,4885917.0,5003267.0,730184.0,217.94105295810903,262.15820551985,,
Alabama,2001,4832946.0,5086045.0,728532.0,,,,
Alabama,2002,5128559.0,5147821.0,726367.0,,,206.88002954674,252.50170539730598
Alabama,2003,5196054.0,5298932.0,727900.0,223.344642639352,261.939022225118,207.083847576707,253.172593739071
Alabama,2004,5356113.0,5450269.0,730418.0,,,,
Alabama,2005,5889966.0,5904664.0,729342.0,225.07123624126498,262.211100048323,207.75203301297,251.978391189903
Alabama,2006,6364028.0,6591429.0,743265.0,,,,
Alabama,2007,7069040.0,7196459.0,743273.0,228.52001796592498,266.000109919931,216.38895388448998,251.93688143753602
Alabama,2008,7726213.0,7847387.0,742919.0,,,,
Alabama,2009,7186390.0,7815467.0,745668.0,227.962650411086,268.524120315168,216.273355869774,254.89524659554002
Alabama,2010,7281058.0,7647571.0,748889.0,,,,
Alabama,2011,7376725.0,7411768.0,746933.0,231.286019035945,269.09651583719,220.273413326721,258.421090379483
Alabama,2012,7136949.0,7222161.0,744621.0,,,,
Alabama,2013,7197439.0,7487741.0,744548.0,232.86133246614799,269.194280616502,218.57595339188,257.427838227608
Alabama,2014,7357267.0,7587737.0,740081.0,,,,
Alabama,2015,7360222.0,7501799.0,734974.0,230.977422662321,266.555318518065,217.049089788052,258.753761500039
Alabama,2016,7498567.0,7708845.0,734652.0,,,,
Alabama,2017,,,,232.17068774150903,268.312020240893,216.41981353101102,257.686520320925
Alaska,1993,1191398.0,1126398.0,121156.0,,,,
Alaska,1994,1052282.0,1116160.0,123868.0,,,,
Alaska,1995,1117068.0,1203817.0,125421.0,,,,
Alaska,1996,1120346.0,1240031.0,126189.0,223.83345456097598,277.643071449619,,
Alaska,1997,1131950.0,1237103.0,128143.0,,,,
Alaska,1998,1206195.0,1222893.0,130633.0,,,,
Alaska,1999,1243227.0,1289988.0,133508.0,,,,
Alaska,2000,1313510.0,1386904.0,132822.0,,,,
Alaska,2001,1325498.0,1402839.0,131985.0,,,,
Alaska,2002,1377767.0,1523327.0,133010.0,,,,
Alaska,2003,1425948.0,1610289.0,133303.0,232.99165432133597,279.02506986523105,211.54715356915298,256.409625298838
Alaska,2004,1477152.0,1647250.0,133153.0,,,,
Alaska,2005,1599739.0,1751718.0,132568.0,235.51070553974498,278.958709394219,211.06131857044997,258.721274696008
Alaska,2006,1625138.0,1817656.0,132893.0,,,,
Alaska,2007,1800616.0,1938755.0,132197.0,237.27389321932498,282.557154120707,214.476954408027,258.798455932602
Alaska,2008,2188587.0,2274819.0,130624.0,,,,
Alaska,2009,2158970.0,2396412.0,130236.0,237.21228433612202,283.047662800849,211.127368273139,259.449426538116
Alaska,2010,2230338.0,2371251.0,131265.0,,,,
Alaska,2011,2357828.0,2443898.0,131704.0,236.35965802610698,283.2727978671,207.92369589694,261.28525201639997
Alaska,2012,2383402.0,2483320.0,130771.0,,,,
Alaska,2013,2545117.0,2665933.0,131091.0,236.122004416339,281.559572836526,209.347288173954,261.256092625584
Alaska,2014,2663647.0,2727056.0,130539.0,,,,
Alaska,2015,2920986.0,2968341.0,130755.0,236.32841695089698,280.493456179845,212.792600219066,260.317018773005
Alaska,2016,2494691.0,2623014.0,132477.0,,,,
Alaska,2017,,,,230.456277558902,277.015571755108,207.03763011579701,257.667496756549
Arizona,1990,,,,,259.59006758821204,,
Arizona,1992,,,,215.2539320246,265.366277794427,209.40206480543998,
Arizona,1993,3427976.0,3623946.0,676297.0,,,,
Arizona,1994,3566586.0,3803379.0,708482.0,,,206.212715526558,
Arizona,1995,3815218.0,4056279.0,735018.0,,,,
Arizona,1996,4143304.0,4391555.0,764681.0,217.575940481046,267.874834337364,,
Arizona,1997,4343262.0,4432360.0,783552.0,,,,
Arizona,1998,4675296.0,4726098.0,794331.0,,,206.52978842714802,260.800207957654
Arizona,1999,5085826.0,5072471.0,814157.0,,,,
Arizona,2000,5479168.0,5397194.0,814807.0,218.766619064154,270.715405900397,,
Arizona,2001,5916342.0,5858385.0,834387.0,,,,
Arizona,2002,6192222.0,6018188.0,859588.0,,,205.347275383339,256.734911435366
Arizona,2003,6529894.0,6210287.0,875111.0,228.91139607018397,271.177350478914,208.87280135481998,255.320115210993
Arizona,2004,7117923.0,6731212.0,895927.0,,,,
Arizona,2005,7550109.0,7136794.0,919875.0,229.80067307133098,274.305090048274,207.14273663584,254.78793822517503
Arizona,2006,8084068.0,7934177.0,947266.0,,,,
Arizona,2007,8724434.0,8709531.0,969875.0,231.93693354533798,275.548426408372,209.520624281702,254.82879235400398
Arizona,2008,9272152.0,9581201.0,987332.0,,,,
Arizona,2009,8802515.0,9580393.0,981303.0,229.991105224216,277.332281962623,209.989269506089,257.595275452299
Arizona,2010,8828122.0,8812967.0,963517.0,,,,
Arizona,2011,8429186.0,8610417.0,946571.0,235.157597045644,279.033501713793,212.395049942915,260.14800521382597
Arizona,2012,7934798.0,8054662.0,942738.0,,,,
Arizona,2013,8164324.0,7600581.0,941726.0,240.30491147057597,279.722267962505,213.13413148086602,260.448287236627
Arizona,2014,8361708.0,8109460.0,943937.0,,,,
Arizona,2015,8230507.0,7902600.0,944978.0,237.61175542795,282.919489420654,215.311336461445,262.769391809157
Arizona,2016,8503034.0,7987011.0,938274.0,,,,
Arizona,2017,,,,234.435788152091,282.248145284054,215.46595194467602,262.957456729335
Arkansas,1990,,,,,256.213990069438,,
Arkansas,1992,,,,210.20602809793,256.312090419091,210.899768304081,
Arkansas,1993,1346909.0,1376067.0,311432.0,,,,
Arkansas,1994,1393287.0,1445984.0,312695.0,,,208.634458392674,
Arkansas,1995,2057550.0,2155067.0,447757.0,,,,
Arkansas,1996,2183384.0,2297381.0,452907.0,215.84643599604198,261.652745252938,,
Arkansas,1997,2355859.0,2379496.0,457349.0,,,,
Arkansas,1998,2567380.0,2536027.0,456355.0,,,208.837715847409,255.72653046075803
Arkansas,1999,2684966.0,2650808.0,451981.0,,,,
Arkansas,2000,2844855.0,2683400.0,450751.0,217.06286951100202,261.363712665471,,
Arkansas,2001,2974588.0,2951677.0,449693.0,,,,
Arkansas,2002,3147921.0,3087453.0,449161.0,,,212.88179718175,260.134870734393
Arkansas,2003,3241275.0,3242799.0,450158.0,229.00658865624402,265.77158934307596,213.615304459937,257.998089007686
Arkansas,2004,3385818.0,3539569.0,453491.0,,,,
Arkansas,2005,3978240.0,3999608.0,461667.0,235.54546696397998,271.636348366415,217.071528896937,257.691731885046
Arkansas,2006,4247664.0,4343877.0,472609.0,,,,
Arkansas,2007,4415981.0,4779308.0,474532.0,237.670687444943,273.89986215628,217.027817745061,257.96099580386004
Arkansas,2008,4608356.0,4720720.0,476110.0,,,,
Arkansas,2009,4753142.0,5017352.0,474423.0,237.54059191157398,275.999499994013,216.15158139298802,258.048580163614
Arkansas,2010,5069272.0,5520387.0,474897.0,,,,
Arkansas,2011,5176362.0,5669431.0,475551.0,237.810156979715,279.088205018109,216.51486397474997,259.140937770185
Arkansas,2012,5169926.0,5299969.0,475671.0,,,,
Arkansas,2013,5067546.0,5226339.0,477716.0,239.89052210005002,277.91480245625803,218.523885266815,261.964490796451
Arkansas,2014,5193218.0,5242672.0,479881.0,,,,
Arkansas,2015,5308625.0,5350543.0,479682.0,235.215469726642,275.06475641246897,218.077496215637,258.76826797665797
Arkansas,2016,5401016.0,5434193.0,479177.0,,,,
Arkansas,2017,,,,233.848143678937,273.75990725281,216.108025728181,259.95579848311
California,1990,,,,,256.32482010922297,,
California,1992,,,,208.398960917183,260.89224682207004,202.24752639269798,
California,1993,28043338.0,28110986.0,5129788.0,,,,
California,1994,23440845.0,23012688.0,4120498.0,,,196.764414122393,
California,1995,29512214.0,30097549.0,5299405.0,,,,
California,1996,31282981.0,31561692.0,5460484.0,209.12908267874698,262.772478440845,,
California,1997,35614934.0,33862281.0,5595836.0,,,,
California,1998,39183018.0,38087666.0,5727224.0,,,201.91259066657102,253.212951848734
California,1999,41393435.0,40834643.0,5839207.0,,,,
California,2000,46628207.0,45829753.0,5941946.0,213.565125054589,262.171026590943,,
California,2001,53288943.0,52082540.0,6045030.0,,,,
California,2002,54727056.0,56464225.0,6136915.0,,,205.916587739819,250.45080327128798
California,2003,59815855.0,59749885.0,6226552.0,227.45498179673598,267.049500585455,205.632437100793,251.007500405859
California,2004,60162326.0,62647953.0,6284502.0,,,,
California,2005,62171797.0,66196072.0,6307022.0,230.36695749900002,268.558128581435,206.512026480797,250.431056381298
California,2006,66302860.0,68722432.0,6295994.0,,,,
California,2007,72516936.0,73225422.0,6288686.0,230.034091233638,270.381784005669,208.52218596154998,251.287791535591
California,2008,74626928.0,76618865.0,6258421.0,,,,
California,2009,73958896.0,74766086.0,6234155.0,231.674927207631,270.448588146426,209.762405377999,252.631380782334
California,2010,67356719.0,71227111.0,6213958.0,,,,
California,2011,70953331.0,69847705.0,6202604.0,234.164993212459,272.769803091291,211.35863599994,254.935218336086
California,2012,69016392.0,70191877.0,6203034.0,,,,
California,2013,68868516.0,69727119.0,6208733.0,233.65446462441298,275.901350652197,212.54596789306302,261.50245565870097
California,2014,72389126.0,72506810.0,6224685.0,,,,
California,2015,78248042.0,78365958.0,6226523.0,231.54934500615502,275.324573012154,212.677948539849,258.986842564294
California,2016,89217262.0,85320133.0,6217031.0,,,,
California,2017,,,,232.262940994562,276.638200063835,215.421814242133,262.520630021396
Colorado,1990,,,,,267.366289884072,,
Colorado,1992,,,,221.023429078871,272.398432913929,216.52536049254797,
Colorado,1993,3058326.0,3028305.0,539538.0,,,,
Colorado,1994,3061865.0,3113755.0,549570.0,,,213.48089032546397,
Colorado,1995,3709875.0,3766191.0,639805.0,,,,
Colorado,1996,3891203.0,4075165.0,655679.0,225.805857540771,275.608214245213,,
Colorado,1997,4133275.0,4398196.0,672634.0,,,,
Colorado,1998,4359021.0,4739136.0,686360.0,,,221.65324325387797,263.542195758144
Colorado,1999,4740254.0,5040224.0,698402.0,,,,
Colorado,2000,5073266.0,5444193.0,707436.0,,,,
Colorado,2001,5372784.0,5727966.0,723696.0,,,,
Colorado,2002,5849588.0,6237142.0,741319.0,,,,
Colorado,2003,6297242.0,6685029.0,751049.0,235.19311612499598,283.399858481467,223.66098196102797,267.592640864405
Colorado,2004,6527456.0,6869975.0,756319.0,,,,
Colorado,2005,6910296.0,7284280.0,765388.0,239.21587446297997,280.824007310133,223.65613000374802,264.75810609504504
Colorado,2006,7295561.0,7803324.0,778842.0,,,,
Colorado,2007,7689014.0,8039146.0,790211.0,240.205890246617,286.19275616634104,223.73265289646199,266.407881623504
Colorado,2008,8070129.0,8884786.0,796824.0,,,,
Colorado,2009,8310673.0,8682489.0,812068.0,243.132439997085,287.372907515934,225.69664059033198,265.51311994428
Colorado,2010,8793676.0,8914338.0,825242.0,,,,
Colorado,2011,8747471.0,8676451.0,834832.0,244.456097110102,291.7426728709,223.43384362777198,270.636204320649
Colorado,2012,8616009.0,8472536.0,843120.0,,,,
Colorado,2013,8826868.0,8699125.0,851063.0,246.975708032011,289.68180010957997,226.663219629357,271.00908694257197
Colorado,2014,9162406.0,9286626.0,865231.0,,,,
Colorado,2015,9648297.0,9557682.0,872320.0,241.563575620412,285.539188724412,224.023224923274,268.073225333677
Colorado,2016,10123271.0,9878524.0,880678.0,,,,
Colorado,2017,,,,240.69501661550498,286.247717546748,224.691618694193,270.338688509674
Connecticut,1990,,,,,269.86641896965,,
Connecticut,1992,,,,226.79848003762402,273.739344572132,221.612642451919,
Connecticut,1993,4064158.0,4079943.0,471918.0,,,,
Connecticut,1994,4268860.0,4132350.0,479522.0,,,222.417598625519,
Connecticut,1995,4420632.0,4252186.0,489513.0,,,,
Connecticut,1996,4686025.0,4538234.0,499815.0,232.02657385064,279.591244854912,,
Connecticut,1997,4788489.0,4642835.0,507838.0,,,,
Connecticut,1998,5024673.0,4810851.0,515141.0,,,231.598304622903,271.566770262617
Connecticut,1999,5460213.0,5269517.0,522415.0,,,,
Connecticut,2000,5884078.0,5605280.0,530363.0,234.24337472598702,281.902485561834,,
Connecticut,2001,6331569.0,5987680.0,537521.0,,,,
Connecticut,2002,6644334.0,6475918.0,543829.0,,,229.381142779797,267.03207277544703
Connecticut,2003,6959891.0,6751815.0,548466.0,240.61524163452302,283.729811207579,228.340614955382,267.218075351081
Connecticut,2004,7276945.0,7087023.0,552505.0,,,,
Connecticut,2005,7898694.0,7452057.0,552512.0,242.12073236174197,281.068953005311,225.753019686927,264.012759246181
Connecticut,2006,8436197.0,7982143.0,549744.0,,,,
Connecticut,2007,8913149.0,8685421.0,549230.0,242.755646830159,282.472790062009,227.203649213779,267.055691390062
Connecticut,2008,9322225.0,9046750.0,544417.0,,,,
Connecticut,2009,9681268.0,9323053.0,539250.0,244.717742733409,288.608513451696,228.97211669940899,271.810133169712
Connecticut,2010,9726922.0,9542108.0,534800.0,,,,
Connecticut,2011,9783168.0,9439182.0,530132.0,242.413406903396,286.999944694085,227.42730425383598,274.681399470751
Connecticut,2012,10070907.0,9791336.0,522451.0,,,,
Connecticut,2013,10319361.0,9758850.0,517812.0,243.440297394202,285.243972274119,229.58159936534,274.459542474537
Connecticut,2014,10743919.0,10201500.0,511082.0,,,,
Connecticut,2015,11099837.0,10542667.0,505366.0,240.159468855002,283.956677264342,228.947543364196,273.048030410963
Connecticut,2016,11419673.0,10826431.0,499494.0,,,,
Connecticut,2017,,,,239.237650900737,284.144330330682,228.35531240737004,272.53771145623404
Delaware,1990,,,,,260.696858717319,,
Delaware,1992,,,,217.899972448292,262.868585398892,212.92345013738,
Delaware,1993,683954.0,694534.0,104355.0,,,,
Delaware,1994,705798.0,732323.0,103782.0,,,206.38905171429198,
Delaware,1995,802018.0,772669.0,106813.0,,,,
Delaware,1996,860410.0,823530.0,108461.0,215.025101739945,266.733673323772,,
Delaware,1997,898926.0,889631.0,110245.0,,,,
Delaware,1998,934530.0,915207.0,111428.0,,,212.00256328748,255.88232724792005
Delaware,1999,1004472.0,960335.0,112320.0,,,,
Delaware,2000,1098555.0,1040480.0,112743.0,,,,
Delaware,2001,1153831.0,1175717.0,112055.0,,,,
Delaware,2002,1180255.0,1246284.0,111331.0,,,224.303558406048,267.27419015820703
Delaware,2003,1242436.0,1317447.0,111282.0,235.859424549367,277.158368932433,223.928811406218,264.532051451005
Delaware,2004,1334523.0,1373416.0,111520.0,,,,
Delaware,2005,1431710.0,1480157.0,112562.0,239.71691237716598,280.95354283122003,225.83845909292003,266.00936537348
Delaware,2006,1544615.0,1646885.0,114371.0,,,,
Delaware,2007,1694929.0,1705204.0,114678.0,241.794894891207,282.992082743316,225.07054230184897,264.544830664544
Delaware,2008,1694998.0,1746925.0,114062.0,,,,
Delaware,2009,1718993.0,1798244.0,116804.0,239.490569439364,283.829472979958,225.513086784412,264.998966063101
Delaware,2010,1733458.0,1758988.0,117628.0,,,,
Delaware,2011,1759170.0,1808905.0,119878.0,240.359832433478,282.769966403216,225.13051109460702,265.83947553632004
Delaware,2012,1855867.0,1915966.0,118624.0,,,,
Delaware,2013,1930466.0,1924626.0,118685.0,243.107758182676,282.338298596548,225.77165116252002,265.98498149856204
Delaware,2014,1954374.0,1988535.0,120623.0,,,,
Delaware,2015,2017075.0,1975093.0,121845.0,238.67801881991002,279.810243773994,223.69869684708098,262.613290731544
Delaware,2016,2043577.0,2041952.0,121225.0,,,,
Delaware,2017,,,,236.12756170618698,278.023498869959,221.482217417377,263.089089818878
District of Columbia,1990,,,,,231.366196651827,,
District of Columbia,1992,,,,192.60055314202802,234.924621328025,188.139887302877,
District of Columbia,1993,721151.0,719440.0,80937.0,,,,
District of Columbia,1994,735720.0,769818.0,80678.0,,,178.557611651728,
District of Columbia,1995,700111.0,708224.0,80450.0,,,,
District of Columbia,1996,678874.0,703245.0,79802.0,187.134669958413,232.831509532896,,
District of Columbia,1997,711625.0,686059.0,78648.0,,,,
District of Columbia,1998,706938.0,716740.0,77111.0,,,181.626990470712,236.37910176331403
District of Columbia,1999,758072.0,738942.0,71889.0,,,,
District of Columbia,2000,881423.0,858807.0,70762.0,193.28977448330102,234.428798057957,,
District of Columbia,2001,1042261.0,1026146.0,68925.0,,,,
District of Columbia,2002,1138126.0,1145684.0,68449.0,,,190.518073061148,239.81052471406798
District of Columbia,2003,1114061.0,1105963.0,67522.0,204.919850427599,243.05963824765098,188.374478503638,238.700733278197
District of Columbia,2004,1081501.0,1087040.0,65099.0,,,,
District of Columbia,2005,1109605.0,1085658.0,62306.0,211.122298531209,245.215780768922,190.78735568684,238.20309296002998
District of Columbia,2006,1092863.0,1081887.0,59616.0,,,,
District of Columbia,2007,1148358.0,1140506.0,56943.0,213.698898810354,248.198742417967,197.08595039547401,240.793624795109
District of Columbia,2008,1224312.0,1224785.0,58191.0,,,,
District of Columbia,2009,801008.0,805362.0,44331.0,219.260141025805,253.595186871272,201.984637739722,242.49042430531398
District of Columbia,2010,1195934.0,1290048.0,43866.0,,,,
District of Columbia,2011,1283071.0,1297175.0,44199.0,221.808283121753,260.46687784992,200.627987932281,242.056368171996
District of Columbia,2012,1331006.0,1189542.0,44618.0,,,,
District of Columbia,2013,1300036.0,1308438.0,44179.0,228.56725387257598,265.259365712508,205.613936927868,247.739153738325
District of Columbia,2014,1342220.0,1313289.0,44942.0,,,,
District of Columbia,2015,1382282.0,1360942.0,46155.0,231.307525116183,263.059776256545,212.305347670353,247.65344494672402
District of Columbia,2016,1329719.0,1322563.0,48336.0,,,,
District of Columbia,2017,,,,231.320462145503,265.779770573735,213.38200876623299,246.78775540229
DoDEA,1998,,,,,,,269.164666217334
DoDEA,2002,,,,,,,272.913744585382
DoDEA,2003,,,,,,,271.790968707121
DoDEA,2005,,,,,,,270.508740857412
DoDEA,2007,,,,,,,272.692552866005
DoDEA,2009,,,,,,,272.45931634873904
DoDEA,2011,,,,,,,272.349959976913
DoDEA,2013,,,,,,,276.994367424941
DoDEA,2015,,,,,,,277.191363427262
DoDEA,2017,,,,,,,280.499129965249
Florida,1990,,,,,255.31842870904399,,
Florida,1992,,,,213.68975116346803,259.90884818230097,208.308035013525,
Florida,1993,11370156.0,11425183.0,1980569.0,,,,
Florida,1994,12315950.0,12469073.0,2039884.0,,,204.882606345676,
Florida,1995,13242710.0,13473977.0,2107514.0,,,,
Florida,1996,13684457.0,13936240.0,2175352.0,215.763582637868,263.63939360129797,,
Florida,1997,14363709.0,14564750.0,2241298.0,,,,
Florida,1998,15595671.0,15155383.0,2292161.0,,,207.297609369791,253.334826741604
Florida,1999,17093036.0,16156822.0,2333567.0,,,,
Florida,2000,17558787.0,17180954.0,2377271.0,,,,
Florida,2001,18467090.0,18389394.0,2431884.0,,,,
Florida,2002,18541689.0,19051049.0,2500179.0,,,214.404597570145,261.053655909529
Florida,2003,19549835.0,20180142.0,2536699.0,233.72881145807003,271.371490239171,218.014488158342,257.30131978689604
Florida,2004,21623923.0,21896220.0,2592997.0,,,,
Florida,2005,23216404.0,23857012.0,2645280.0,238.930649601433,274.04837689747995,219.465222176412,255.77997000492599
Florida,2006,25423686.0,26609155.0,2663973.0,,,,
Florida,2007,28898362.0,29849892.0,2656176.0,242.02025001892997,277.383497256758,223.534926816656,259.790720651776
Florida,2008,30001821.0,31219589.0,2645680.0,,,,
Florida,2009,26494500.0,28867429.0,2623067.0,241.944909379496,279.33526411278,225.67340734479401,264.362040854787
Florida,2010,26231141.0,27267009.0,2627390.0,,,,
Florida,2011,26453693.0,26991946.0,2636404.0,239.826451038787,277.837035214102,224.528585389604,262.121374840411
Florida,2012,24139266.0,25352047.0,2658559.0,,,,
Florida,2013,24681548.0,25245400.0,2680074.0,241.675809566843,280.855839554008,227.46317661052,265.828297127322
Florida,2014,26077462.0,26523658.0,2708022.0,,,,
Florida,2015,26971491.0,27277049.0,2743641.0,242.66432092861402,275.32381795874903,227.188968975009,263.383001406664
Florida,2016,28125598.0,27945116.0,2776933.0,,,,
Florida,2017,,,,246.367695779459,279.120415156315,228.27262205238202,266.553368977303
Georgia,1990,,,,,258.849663447908,,
Georgia,1992,,,,215.594906163657,259.359433593101,212.34088993417,
Georgia,1993,4716559.0,4647974.0,893557.0,,,,
Georgia,1994,6824191.0,6597359.0,1235304.0,,,206.84417466208,
Georgia,1995,7052825.0,7292267.0,1270948.0,,,,
Georgia,1996,7764687.0,7934236.0,1311126.0,215.455861748735,262.466020943521,,
Georgia,1997,8248199.0,8483477.0,1346761.0,,,,
Georgia,1998,9207163.0,8990897.0,1375980.0,,,209.818703890167,257.073154114235
Georgia,1999,10380164.0,10106670.0,1401291.0,,,,
Georgia,2000,11197766.0,10884510.0,1422941.0,219.556757129447,266.332047317995,,
Georgia,2001,12271962.0,11853800.0,1444937.0,,,,
Georgia,2002,13042229.0,12690343.0,1470634.0,,,214.81843751796902,258.005481643787
Georgia,2003,13524807.0,13516783.0,1495819.0,230.254976798559,269.677009232403,213.597219332523,257.714824971911
Georgia,2004,14136215.0,13779680.0,1522424.0,,,,
Georgia,2005,14724731.0,14492666.0,1552758.0,233.635737790752,272.191564411022,214.430920543413,256.872381537265
Georgia,2006,16165924.0,15839227.0,1597682.0,,,,
Georgia,2007,17755989.0,17389530.0,1628409.0,235.209017091471,274.778664644925,218.888171260588,258.70499279233997
Georgia,2008,18683630.0,19172087.0,1646010.0,,,,
Georgia,2009,17972839.0,19025136.0,1649598.0,236.029572886478,277.561199732371,217.84810573368802,260.244524519648
Georgia,2010,17839851.0,17834488.0,1660643.0,,,,
Georgia,2011,18030043.0,17187481.0,1666039.0,238.366542086539,278.483619188656,220.810720110917,262.358643383963
Georgia,2012,17559894.0,17400209.0,1669156.0,,,,
Georgia,2013,17459504.0,17317504.0,1682620.0,240.04723664592998,279.179110912454,221.83671251456798,264.615713463699
Georgia,2014,17821620.0,17668352.0,1699185.0,,,,
Georgia,2015,18584666.0,18501103.0,1717805.0,236.452519256357,278.711796774375,222.013497271819,262.268605314622
Georgia,2016,19403453.0,19158388.0,1727085.0,,,,
Georgia,2017,,,,236.383603027145,281.035487532394,219.682925180546,266.33044082589
Hawaii,1990,,,,,251.021316528152,,
Hawaii,1992,,,,214.056666073088,257.41088740917303,203.426628130352,
Hawaii,1993,1062475.0,1063090.0,177448.0,,,,
Hawaii,1994,1133949.0,1146267.0,181212.0,,,200.88027220468,
Hawaii,1995,1173579.0,1157159.0,183869.0,,,,
Hawaii,1996,1199019.0,1231550.0,187104.0,214.96556158973,262.130081659249,,
Hawaii,1997,1213792.0,1241375.0,187653.0,,,,
Hawaii,1998,1279125.0,1266378.0,189887.0,,,199.70168159445598,249.689755497402
Hawaii,1999,1328572.0,1357649.0,188069.0,,,,
Hawaii,2000,1404895.0,1363511.0,185860.0,215.846798551931,262.772560543574,,
Hawaii,2001,1682332.0,1363164.0,184360.0,,,,
Hawaii,2002,1889600.0,1436637.0,184546.0,,,207.58544265837398,251.613131557334
Hawaii,2003,2078877.0,1602392.0,183829.0,226.834610206384,265.728581015081,208.259567530742,251.284801856226
Hawaii,2004,2138137.0,1734591.0,183609.0,,,,
Hawaii,2005,2274166.0,1765805.0,183185.0,230.096875403391,265.629319114115,209.578767644628,248.50542302122102
Hawaii,2006,2705532.0,1939968.0,182818.0,,,,
Hawaii,2007,2985593.0,2199604.0,180728.0,234.286134982354,268.77201335193297,213.496554967804,251.33081069192403
Hawaii,2008,2541703.0,2242408.0,179897.0,,,,
Hawaii,2009,2689758.0,2318671.0,179478.0,235.679780829025,273.758606683625,210.61641868593998,254.738979931593
Hawaii,2010,2564856.0,2215458.0,180196.0,,,,
Hawaii,2011,2499513.0,2259104.0,179601.0,238.82192776062,277.836211052583,213.61457117423,257.188010446519
Hawaii,2012,2535038.0,2344733.0,182706.0,,,,
Hawaii,2013,2331770.0,2345917.0,184760.0,243.308618941163,281.41292228842497,214.843879930676,259.96056954683496
Hawaii,2014,2696766.0,2504144.0,186825.0,,,,
Hawaii,2015,2703683.0,2521004.0,182384.0,237.895806837329,279.340145034503,215.124313046421,257.35043981355
Hawaii,2016,3030519.0,2733094.0,181995.0,,,,
Hawaii,2017,,,,237.919768737113,277.336845826814,216.364536553619,260.982318855375
Idaho,1990,,,,,271.44977262326,,
Idaho,1992,,,,221.56253448882998,275.09029414145,219.317028208157,
Idaho,1993,890835.0,899819.0,231632.0,,,,
Idaho,1994,949999.0,974781.0,236774.0,,,,
Idaho,1995,1083215.0,1108075.0,240448.0,,,,
Idaho,1996,1134052.0,1198223.0,243097.0,,,,
Idaho,1997,1200186.0,1293705.0,245252.0,,,,
Idaho,1998,1310960.0,1342719.0,244403.0,,,,
Idaho,1999,1405250.0,1409367.0,244623.0,,,,
Idaho,2000,1452222.0,1467977.0,245226.0,226.89378450457298,277.917913542907,,
Idaho,2001,1571348.0,1535485.0,243926.0,,,,
Idaho,2002,1625444.0,1666027.0,244937.0,,,220.217616989796,266.499769185748
Idaho,2003,1685984.0,1726941.0,248515.0,234.943764703458,279.939266837246,218.25988551638,264.439775716816
Idaho,2004,1733838.0,1744954.0,252037.0,,,,
Idaho,2005,1796035.0,1819519.0,253782.0,241.65011574286498,280.966896649599,221.85951138201,264.301743791415
Idaho,2006,1875346.0,1903720.0,258314.0,,,,
Idaho,2007,2011951.0,1960472.0,262935.0,240.90284353732002,283.507595771493,223.404065315834,264.88634244604697
Idaho,2008,2151476.0,2001328.0,265844.0,,,,
Idaho,2009,2182273.0,2078446.0,267951.0,241.04280230401298,287.305215052426,221.022924421352,264.837184984886
Idaho,2010,2177999.0,2098737.0,266613.0,,,,
Idaho,2011,2089982.0,1960818.0,265713.0,240.328832465338,286.675063250389,220.82977062233996,268.014671593394
Idaho,2012,1981482.0,1911706.0,267556.0,,,,
Idaho,2013,2015534.0,1967676.0,272070.0,240.722019842936,286.413881629757,219.30298595179198,270.22416855056196
Idaho,2014,2084970.0,2012852.0,281452.0,,,,
Idaho,2015,2167967.0,2029520.0,274131.0,238.79962471268502,283.742325345327,221.69006616565898,268.553479550783
Idaho,2016,2266490.0,2100980.0,274849.0,,,,
Idaho,2017,,,,239.96751408118098,284.371732938877,222.791065689088,269.673095440861
Illinois,1990,,,,,260.551434334685,,
Illinois,1993,10584624.0,10744695.0,1856841.0,,,,
Illinois,1994,11309803.0,10743708.0,1875956.0,,,,
Illinois,1995,12236673.0,11821661.0,1897161.0,,,,
Illinois,1996,12732129.0,12423100.0,1924970.0,,,,
Illinois,1997,13929105.0,13920593.0,1952892.0,,,,
Illinois,1998,14688777.0,15207067.0,1972406.0,,,,
Illinois,1999,16208970.0,16783840.0,1987427.0,,,,
Illinois,2000,17595047.0,18073190.0,2003839.0,224.930411301324,276.909459049332,,
Illinois,2001,18534372.0,19337580.0,2025249.0,,,,
Illinois,2002,19084554.0,20563001.0,2047836.0,,,,
Illinois,2003,19627346.0,21278177.0,2062664.0,232.856775292011,277.16008095632196,216.3042879829,266.408968905567
Illinois,2004,21082441.0,21681903.0,2079027.0,,,,
Illinois,2005,21611180.0,22035569.0,2072437.0,233.067493972686,277.672238913307,216.489719991402,263.517029687837
Illinois,2006,22724326.0,22622323.0,2097585.0,,,,
Illinois,2007,23897153.0,23401917.0,2101075.0,237.28704131937099,280.497096028329,219.386811378061,262.826617097915
Illinois,2008,25431714.0,25696866.0,2099118.0,,,,
Illinois,2009,26987426.0,27716187.0,2117291.0,238.28566884936,282.43141699208803,219.16577996227002,264.514002261585
Illinois,2010,28253620.0,28560306.0,2098401.0,,,,
Illinois,2011,29507584.0,28525858.0,2072114.0,238.836878932328,283.228134687939,219.35749825998798,265.643729382276
Illinois,2012,29900021.0,29067543.0,2071481.0,,,,
Illinois,2013,30057886.0,29517831.0,2069823.0,239.00020401700297,284.89764716416903,218.540183872207,266.898720958132
Illinois,2014,31085621.0,31080869.0,2060632.0,,,,
Illinois,2015,32096832.0,32410033.0,2047123.0,237.307813789509,281.968567276813,222.02226769547298,266.806728332711
Illinois,2016,32908958.0,33037244.0,2030717.0,,,,
Illinois,2017,,,,238.11894743567402,281.617997668016,220.365898453327,266.928549776657
Indiana,1990,,,,,267.265914915861,,
Indiana,1992,,,,221.03774247419497,270.098943937619,221.146484876227,
Indiana,1993,5833420.0,5668599.0,958052.0,,,,
Indiana,1994,6121754.0,6061435.0,963071.0,,,219.76325753607497,
Indiana,1995,6514934.0,6377558.0,966622.0,,,,
Indiana,1996,6422662.0,6644035.0,975455.0,229.39444358509,275.52903680476396,,
Indiana,1997,7885141.0,7325086.0,981546.0,,,,
Indiana,1998,7656749.0,7649103.0,985690.0,,,,
Indiana,1999,8167164.0,8196714.0,986891.0,,,,
Indiana,2000,8489991.0,8518477.0,987214.0,234.421428848088,283.05122925517503,,
Indiana,2001,9124748.0,8991877.0,987854.0,,,,
Indiana,2002,9273957.0,9353054.0,994348.0,,,221.88034682187,264.88812111338103
Indiana,2003,8246076.0,9777720.0,999713.0,237.96827988706298,281.220939756711,220.40649112667901,264.832532267553
Indiana,2004,10423578.0,10312694.0,1005587.0,,,,
Indiana,2005,11653165.0,11071431.0,1014528.0,240.06909881046798,281.714945536305,218.072533254427,261.013686455544
Indiana,2006,11578988.0,11260755.0,1026106.0,,,,
Indiana,2007,10458932.0,11462062.0,1034588.0,245.14425495640302,285.007210900174,221.673092302826,264.095960900362
Indiana,2008,11340157.0,10865851.0,1033329.0,,,,
Indiana,2009,12999357.0,11218398.0,1028259.0,242.616809561118,286.809977886735,222.659480848241,265.69124060951
Indiana,2010,14023240.0,11502534.0,1026053.0,,,,
Indiana,2011,12125155.0,11113533.0,1023220.0,243.836875966553,285.00291608665003,220.731342685885,264.729844537772
Indiana,2012,12395432.0,11351906.0,1006627.0,,,,
Indiana,2013,12236713.0,11211155.0,1002772.0,248.59677735800202,287.767653833023,225.33234084693902,267.272974657765
Indiana,2014,12399402.0,11136045.0,1007121.0,,,,
Indiana,2015,12456571.0,11378564.0,1004215.0,247.65218362008702,287.175201077669,227.278891330949,268.25346768003504
Indiana,2016,12732161.0,11535287.0,1002696.0,,,,
Indiana,2017,,,,246.513750055807,287.705639463898,226.417994745998,272.023875675737
Iowa,1990,,,,,277.96856952118,,
Iowa,1992,,,,229.88407790241,283.360009038918,225.49017144569697,
Iowa,1993,2880731.0,2889377.0,493957.0,,,,
Iowa,1994,2987394.0,2974072.0,497925.0,,,222.85293897815498,
Iowa,1995,3076971.0,3100772.0,498837.0,,,,
Iowa,1996,3258040.0,3284185.0,502343.0,229.12619839613498,283.986368602787,,
Iowa,1997,3406582.0,3485339.0,502941.0,,,,
Iowa,1998,3589705.0,3650286.0,501054.0,,,223.045210304491,
Iowa,1999,3740509.0,3789049.0,498214.0,,,,
Iowa,2000,3822452.0,3974813.0,497301.0,232.896934923163,,,
Iowa,2001,4068110.0,4211493.0,495080.0,,,,
Iowa,2002,4191217.0,4418238.0,485932.0,,,223.330640850894,
Iowa,2003,4374803.0,4517990.0,482210.0,238.476694547401,283.95334474435504,223.271129818993,267.5048316647
Iowa,2004,4396136.0,4443289.0,481226.0,,,,
Iowa,2005,4638125.0,4599549.0,478319.0,239.880801811134,283.81092883167196,220.80940018770698,267.00317168531103
Iowa,2006,4898509.0,4930613.0,483482.0,,,,
Iowa,2007,5194536.0,5198975.0,483122.0,242.819589303779,285.226903146597,224.89479538694698,267.450719560442
Iowa,2008,5496908.0,5495756.0,485114.0,,,,
Iowa,2009,5732319.0,5732186.0,487559.0,242.59564400257702,284.170178554705,221.422298113147,264.888126041644
Iowa,2010,5744872.0,5941449.0,491255.0,,,,
Iowa,2011,6098470.0,6057294.0,493493.0,242.60487294847198,284.92083605870397,220.70744695489498,264.55452746182596
Iowa,2012,6262807.0,6256926.0,495870.0,,,,
Iowa,2013,6281345.0,6318241.0,499489.0,245.793505546843,285.07013777479,223.81580463461103,269.003449619325
Iowa,2014,6455928.0,6541553.0,501763.0,,,,
Iowa,2015,6714410.0,6772654.0,505311.0,243.339911874178,286.41621998599,223.62939884096,268.200596266662
Iowa,2016,6919477.0,6972412.0,508014.0,,,,
Iowa,2017,,,,243.107484364402,286.239418158172,221.74726754679,267.675678851787
Kansas,1993,2386945.0,2522542.0,451469.0,,,,
Kansas,1994,2700587.0,2643192.0,457744.0,,,,
Kansas,1995,2826943.0,2756682.0,460905.0,,,,
Kansas,1996,2914544.0,3007653.0,463008.0,,,,
Kansas,1997,3029537.0,2949608.0,466368.0,,,,
Kansas,1998,3207670.0,3087318.0,468980.0,,,222.184880032678,267.78819544201303
Kansas,1999,3390596.0,3189867.0,469758.0,,,,
Kansas,2000,3518271.0,3327090.0,469377.0,231.95343457542302,283.679619149647,,
Kansas,2001,3681845.0,3491029.0,468347.0,,,,
Kansas,2002,3823261.0,3690815.0,470204.0,,,221.97833137733502,269.11593569735
Kansas,2003,4068800.0,3818740.0,470264.0,241.74736576191398,284.19108805230303,220.14322971260398,266.011689626198
Kansas,2004,4377709.0,3982036.0,469824.0,,,,
Kansas,2005,4223632.0,4076597.0,468481.0,245.782046485738,284.030053484553,220.468749319458,266.831233242163
Kansas,2006,4648920.0,4439000.0,467279.0,,,,
Kansas,2007,5038100.0,4823931.0,468974.0,247.923654192161,290.03259982925704,224.65836220092098,267.413790936682
Kansas,2008,5378095.0,5122049.0,467743.0,,,,
Kansas,2009,5615208.0,5827751.0,470445.0,245.308653571101,288.596403041255,223.924213283757,266.799519310717
Kansas,2010,5454128.0,5979429.0,471406.0,,,,
Kansas,2011,5538869.0,5662146.0,482692.0,246.25533479144298,289.61928267473996,223.565091158237,267.336395789343
Kansas,2012,5613619.0,5615714.0,485591.0,,,,
Kansas,2013,5667223.0,5621023.0,488590.0,246.18570187094397,289.518256078135,223.386368779104,266.887523609855
Kansas,2014,5813985.0,5957954.0,496034.0,,,,
Kansas,2015,5991731.0,6175724.0,496920.0,241.067208517258,283.871096311731,221.08988042430698,266.76553060986
Kansas,2016,6069563.0,6134836.0,495545.0,,,,
Kansas,2017,,,,241.21280456721001,285.283507884924,223.268429173451,267.490027797007
Kentucky,1990,,,,,257.097205859974,,
Kentucky,1992,,,,215.048157721324,262.241281641376,212.51166677896703,
Kentucky,1993,2381148.0,2283431.0,489281.0,,,,
Kentucky,1994,2491948.0,2392549.0,490069.0,,,211.562307283476,
Kentucky,1995,3508673.0,3415870.0,639992.0,,,,
Kentucky,1996,3622788.0,3826435.0,639531.0,219.988194977368,266.591684017917,,
Kentucky,1997,3842885.0,3903139.0,631592.0,,,,
Kentucky,1998,3938009.0,4018512.0,645232.0,,,217.53088006176003,262.06171356024504
Kentucky,1999,4188131.0,4305678.0,653628.0,,,,
Kentucky,2000,4330089.0,4510972.0,646467.0,220.993596656925,271.561511404378,,
Kentucky,2001,4536133.0,4350588.0,643730.0,,,,
Kentucky,2002,4621025.0,4541670.0,654363.0,,,219.04206752609102,265.246740416014
Kentucky,2003,4872025.0,4700494.0,660782.0,228.72634325953098,274.278472166639,219.044417325545,266.191435227824
Kentucky,2004,5135262.0,5259909.0,663886.0,,,,
Kentucky,2005,5444309.0,5750671.0,674502.0,231.492305367483,273.983027164396,219.926817858434,263.938418419941
Kentucky,2006,6002056.0,6112978.0,679621.0,,,,
Kentucky,2007,6226696.0,6351636.0,646360.0,235.087920190601,278.704749914375,222.432314246177,261.96595099365396
Kentucky,2008,6637062.0,6793215.0,666019.0,,,,
Kentucky,2009,6706922.0,6831006.0,669858.0,238.835902308004,279.284216093787,225.606242400736,266.854019810768
Kentucky,2010,6881951.0,7092071.0,679901.0,,,,
Kentucky,2011,7104589.0,7253850.0,672958.0,240.83070024317,281.608809706829,225.13506287332996,268.833963566714
Kentucky,2012,7192430.0,7444529.0,681827.0,,,,
Kentucky,2013,7216175.0,7413896.0,685009.0,241.469926794712,280.64544247634996,224.427540486587,269.616471686598
Kentucky,2014,7229857.0,7346219.0,686789.0,,,,
Kentucky,2015,7548871.0,7554887.0,688475.0,241.72776193105202,277.947260135803,228.05516833276198,267.772900145423
Kentucky,2016,7745928.0,7786281.0,686440.0,,,,
Kentucky,2017,,,,239.17825740582,277.714161796085,224.08058529007099,265.133438043566
Louisiana,1990,,,,,246.442552990899,,
Louisiana,1992,,,,204.140211329176,249.98392592402,203.689265435934,
Louisiana,1993,3438321.0,3427102.0,795719.0,,,,
Louisiana,1994,3571864.0,3539581.0,798312.0,,,196.76226783783002,
Louisiana,1995,3791795.0,3735603.0,797061.0,,,,
Louisiana,1996,3879633.0,3815375.0,796087.0,209.020670031591,252.38039469873698,,
Louisiana,1997,4106095.0,4027228.0,808798.0,,,,
Louisiana,1998,4443468.0,4379797.0,774561.0,,,204.226630274646,251.891860455233
Louisiana,1999,4641847.0,4702496.0,764642.0,,,,
Louisiana,2000,4785331.0,4807097.0,750755.0,217.963756187095,258.98200182432004,,
Louisiana,2001,4982369.0,4939894.0,737223.0,,,,
Louisiana,2002,5229238.0,5298267.0,725027.0,,,206.640449811813,256.268351413193
Louisiana,2003,5478321.0,5515322.0,723252.0,226.247729119261,266.328359269062,204.729487524848,253.448288243581
Louisiana,2004,5713792.0,5708535.0,721414.0,,,,
Louisiana,2005,5975074.0,5941561.0,717625.0,230.23119641348597,267.755030846034,209.165658287644,252.691593269226
Louisiana,2006,6780668.0,6032182.0,648313.0,,,,
Louisiana,2007,7048732.0,6657341.0,662302.0,230.043119251121,272.386299598469,207.40680552969897,253.23829428128897
Louisiana,2008,7751886.0,7599993.0,662971.0,,,,
Louisiana,2009,7984550.0,8053960.0,662774.0,229.432455453722,272.379906697646,207.48613716309399,253.329004007468
Louisiana,2010,8091029.0,8125021.0,663802.0,,,,
Louisiana,2011,8022917.0,8218870.0,665109.0,230.778869270132,272.843333892634,210.410726308503,254.68834784390498
Louisiana,2012,8477993.0,8504567.0,665478.0,,,,
Louisiana,2013,8121179.0,7940880.0,671156.0,231.36630864378998,272.76096647842604,210.45496322432098,257.351242737394
Louisiana,2014,8352703.0,8140649.0,665441.0,,,,
Louisiana,2015,8448743.0,8437263.0,661015.0,234.28190182677002,268.432355132751,216.199337216284,255.46941777756902
Louisiana,2016,8397136.0,8248660.0,660561.0,,,,
Louisiana,2017,,,,228.971745398005,266.50676028364103,211.60052787486802,256.751471206395
Maine,1992,,,,231.63883993862498,278.635384117375,226.810122899015,
Maine,1993,1368095.0,1321846.0,211511.0,,,,
Maine,1994,1357116.0,1338353.0,211731.0,,,228.38002677611098,
Maine,1995,1446745.0,1438795.0,212154.0,,,,
Maine,1996,1485138.0,1465093.0,213601.0,232.20704454562,284.059857433683,,
Maine,1997,1537085.0,1527663.0,213241.0,,,,
Maine,1998,1611926.0,1601411.0,212038.0,,,225.404455198134,272.647106316912
Maine,1999,1708133.0,1699835.0,210245.0,,,,
Maine,2000,1792390.0,1842276.0,209012.0,230.56864599996499,283.641703580061,,
Maine,2001,1914551.0,1958646.0,207171.0,,,,
Maine,2002,2041986.0,2057022.0,205344.0,,,224.50827816457803,269.821249244155
Maine,2003,2162605.0,2154117.0,203848.0,237.61571038162498,281.903773320764,223.85949380546901,268.323265177592
Maine,2004,2228749.0,2291174.0,201594.0,,,,
Maine,2005,2324789.0,2325138.0,198745.0,240.691459684627,281.058540918142,224.57777217037602,269.983443790132
Maine,2006,2381908.0,2381439.0,195675.0,,,,
Maine,2007,2538161.0,2501127.0,193539.0,242.370603982666,286.47225311598703,225.54404578474097,269.920153818638
Maine,2008,2594335.0,2582293.0,193058.0,,,,
Maine,2009,2623127.0,2624504.0,187372.0,244.45573275395802,286.361425938805,223.790428000088,267.706499608477
Maine,2010,2721365.0,2680693.0,187634.0,,,,
Maine,2011,2654366.0,2728535.0,186835.0,244.257016536718,288.73229763660197,222.03733220763698,269.872413013173
Maine,2012,2611056.0,2625759.0,187247.0,,,,
Maine,2013,2650346.0,2535405.0,184682.0,245.84700179867198,288.73115973795603,224.83328901991797,269.193764016326
Maine,2014,2675648.0,2550302.0,178709.0,,,,
Maine,2015,2739589.0,2596180.0,176176.0,242.24465409976503,284.875476957911,223.728607946102,268.391236298695
Maine,2016,2845391.0,2706103.0,179879.0,,,,
Maine,2017,,,,239.898994523321,284.00300734202204,221.388602644001,268.93063240911
Maryland,1990,,,,,260.765590209676,,
Maryland,1992,,,,217.31770793589902,264.82549311365,211.04152293468002,
Maryland,1993,4918010.0,4898895.0,751850.0,,,,
Maryland,1994,5141505.0,5187683.0,772638.0,,,209.645496686524,
Maryland,1995,5580123.0,5610071.0,790938.0,,,,
Maryland,1996,5688918.0,5825606.0,805544.0,220.69496066923801,269.681431438747,,
Maryland,1997,6040883.0,6217120.0,818583.0,,,,
Maryland,1998,6521269.0,6519389.0,830744.0,,,214.929886926389,262.102922675169
Maryland,1999,6850334.0,6892276.0,841671.0,,,,
Maryland,2000,7419047.0,7355698.0,846582.0,222.310406824294,276.014360058913,,
Maryland,2001,7864290.0,7981362.0,852920.0,,,,
Maryland,2002,8430663.0,8568446.0,860640.0,,,217.211175377249,263.344864194438
Maryland,2003,8700979.0,8732518.0,866743.0,233.079852288453,277.71611251073995,218.67375979261502,261.59573193942504
Maryland,2004,9123493.0,8921938.0,869113.0,,,,
Maryland,2005,9906219.0,9782665.0,865561.0,238.42170673666402,277.930794576753,220.02958576564998,260.78238344543
Maryland,2006,10697117.0,10585292.0,860021.0,,,,
Maryland,2007,11674965.0,11541225.0,851640.0,240.32823069137902,285.734265236821,224.78126512650798,265.240121492132
Maryland,2008,13098112.0,12739693.0,845700.0,,,,
Maryland,2009,13147931.0,12757599.0,843781.0,243.795041028457,288.341565298202,226.047783920533,267.29805648900395
Maryland,2010,13327770.0,13205691.0,848252.0,,,,
Maryland,2011,13443940.0,13247697.0,851971.0,247.106555813795,287.997802255227,230.78284121169602,271.222896649808
Maryland,2012,13752912.0,13212140.0,853778.0,,,,
Maryland,2013,13814727.0,13284637.0,859252.0,245.16937954677502,286.641381102957,232.05597314742198,273.801903090503
Maryland,2014,13982544.0,13712839.0,865768.0,,,,
Maryland,2015,14491642.0,13882823.0,874108.0,239.49975090765,283.149034098785,222.944189619399,267.905529723763
Maryland,2016,14409321.0,13992191.0,879196.0,,,,
Maryland,2017,,,,240.601277324157,280.910245611123,225.04933454893998,267.250532713498
Massachusetts,1992,,,,226.59791777604198,272.783201271176,226.00108924526,
Massachusetts,1993,6121612.0,5679261.0,862495.0,,,,
Massachusetts,1994,6410757.0,6391131.0,877384.0,,,223.16007568134998,
Massachusetts,1995,7326904.0,6706082.0,893727.0,,,,
Massachusetts,1996,7129757.0,7479576.0,912330.0,228.96640259421002,277.565642048853,,
Massachusetts,1997,7585624.0,7479407.0,928519.0,,,,
Massachusetts,1998,7726497.0,8098720.0,942331.0,,,225.309860500514,268.872457894829
Massachusetts,1999,8388120.0,8673439.0,957402.0,,,,
Massachusetts,2000,9464271.0,9466363.0,958907.0,234.959613253214,283.123245551255,,
Massachusetts,2001,10613329.0,10572138.0,965934.0,,,,
Massachusetts,2002,11217085.0,11507438.0,959641.0,,,233.74841031731603,270.51826659124697
Massachusetts,2003,11591832.0,11382398.0,967200.0,241.664527429109,286.52069448017,227.604259402914,272.90664505005697
Massachusetts,2004,11979937.0,12033345.0,962488.0,,,,
Massachusetts,2005,12976279.0,12726283.0,955225.0,247.33704896217003,291.5135411152,231.279439344407,273.716062946534
Massachusetts,2006,14160242.0,13503621.0,949951.0,,,,
Massachusetts,2007,14407777.0,14315518.0,945070.0,252.430319790792,297.923344483955,235.753462061818,273.284048809294
Massachusetts,2008,14633578.0,14631545.0,937677.0,,,,
Massachusetts,2009,15298022.0,15174814.0,932437.0,252.25478970054797,298.854346618482,233.749463106304,273.58928971871103
Massachusetts,2010,14919763.0,14857823.0,929569.0,,,,
Massachusetts,2011,15396681.0,15150898.0,924903.0,253.39645576405,298.512431105164,236.773866580369,275.36851762846
Massachusetts,2012,15763456.0,15696061.0,922683.0,,,,
Massachusetts,2013,16114783.0,16201905.0,920968.0,253.03378520177898,300.568235011147,232.37315597277302,277.009559086016
Massachusetts,2014,16609204.0,16518383.0,920558.0,,,,
Massachusetts,2015,16985185.0,16972319.0,916130.0,250.56577782628202,296.908571436848,235.27542341878998,274.497568115749
Massachusetts,2016,17484704.0,17037880.0,921029.0,,,,
Massachusetts,2017,,,,249.10267390992803,297.04222521080004,235.699696767687,277.782588599843
Michigan,1990,,,,,264.398378104696,,
Michigan,1992,,,,219.878352304218,267.353194329414,216.033733125329,
Michigan,1993,11034174.0,11430958.0,1600650.0,,,,
Michigan,1994,11762546.0,12023935.0,1601845.0,,,,
Michigan,1995,12500208.0,12477806.0,1604527.0,,,,
Michigan,1996,13012080.0,13071893.0,1631131.0,226.25805638790797,276.866078248355,,
Michigan,1997,13759710.0,14235902.0,1684261.0,,,,
Michigan,1998,14712250.0,14905765.0,1680559.0,,,216.50139799809799,
Michigan,1999,15248112.0,15837858.0,1696275.0,,,,
Michigan,2000,15939477.0,16580526.0,1700074.0,230.886972490047,278.452666707407,,
Michigan,2001,16772419.0,17573761.0,1705088.0,,,,
Michigan,2002,18055855.0,18881772.0,1724961.0,,,218.613319556875,264.72304587388
Michigan,2003,18488359.0,19680370.0,1764327.0,235.68697467413898,276.441861597672,218.789056709096,264.37829249338796
Michigan,2004,18663799.0,20060708.0,1738976.0,,,,
Michigan,2005,19106382.0,20489512.0,1721351.0,237.70600298851102,277.346681960374,218.260689053895,261.138472348508
Michigan,2006,19714584.0,20626758.0,1714416.0,,,,
Michigan,2007,20576110.0,19839838.0,1686473.0,237.605553465148,276.830517083696,220.11845283265,260.31770609297297
Michigan,2008,20441973.0,20703780.0,1661936.0,,,,
Michigan,2009,19616665.0,19992550.0,1537515.0,236.279719737382,278.268168151681,218.23555034441898,261.898150017122
Michigan,2010,19393461.0,19967017.0,1510716.0,,,,
Michigan,2011,19374026.0,18469948.0,1455966.0,236.40221370650698,280.176517968298,218.860810368135,265.194041240472
Michigan,2012,18622316.0,18063824.0,1421312.0,,,,
Michigan,2013,18270327.0,17468264.0,1381167.0,236.819778402754,280.133597093752,217.36516772931998,265.942963067388
Michigan,2014,18457253.0,17358365.0,1363533.0,,,,
Michigan,2015,19025996.0,17742903.0,1345009.0,235.728893690295,278.168651923457,216.306630194926,264.496755061626
Michigan,2016,19416061.0,18001445.0,1335713.0,,,,
Michigan,2017,,,,235.55547254746202,279.50545469933604,217.75324201319302,265.468927541301
Minnesota,1990,,,,,275.391078977074,,
Minnesota,1992,,,,228.493596281064,282.392204641658,220.900719162895,
Minnesota,1993,4862635.0,5290504.0,781566.0,,,,
Minnesota,1994,5262482.0,5581140.0,802913.0,,,218.301709171959,
Minnesota,1995,5744447.0,6155324.0,816695.0,,,,
Minnesota,1996,6101416.0,6423285.0,827418.0,232.193088399935,284.048944634206,,
Minnesota,1997,6304977.0,6890773.0,837847.0,,,,
Minnesota,1998,6672384.0,6815289.0,841723.0,,,221.83011421782996,267.218236187418
Minnesota,1999,6949149.0,7450965.0,843802.0,,,,
Minnesota,2000,7344747.0,7736391.0,839839.0,235.27088758060398,287.651942187297,,
Minnesota,2001,7836617.0,8221636.0,836386.0,,,,
Minnesota,2002,8065042.0,8716123.0,832265.0,,,225.258514366717,
Minnesota,2003,8484497.0,8938770.0,825674.0,241.91229558307703,290.680055978624,222.608962298108,267.711358412271
Minnesota,2004,8688315.0,8963393.0,822245.0,,,,
Minnesota,2005,8777363.0,9082593.0,814660.0,245.746191132071,290.074995791089,225.226578117864,268.35667287108896
Minnesota,2006,9314477.0,9671933.0,812040.0,,,,
Minnesota,2007,9693509.0,10030105.0,810104.0,246.997762406425,291.85111653854,224.917004310155,268.197442761373
Minnesota,2008,10118118.0,10462624.0,807929.0,,,,
Minnesota,2009,10353784.0,11193640.0,800831.0,249.455534206082,294.443320106986,223.336661773101,269.739820132507
Minnesota,2010,10383935.0,10564774.0,799615.0,,,,
Minnesota,2011,10912368.0,10612480.0,798891.0,249.186686145154,294.946422810345,222.30867236980401,270.148960241064
Minnesota,2012,10681609.0,10696348.0,799736.0,,,,
Minnesota,2013,10848720.0,10942019.0,802454.0,253.420961133202,294.592972603507,227.030741772012,271.019654579448
Minnesota,2014,11168633.0,11300786.0,804580.0,,,,
Minnesota,2015,11684249.0,11969872.0,807044.0,249.575846952089,294.147777973073,223.352919981062,270.23681775626204
Minnesota,2016,12186135.0,12848946.0,811157.0,,,,
Minnesota,2017,,,,248.804302567269,293.962375743927,224.538513441395,268.616822331955
Mississippi,1992,,,,201.828261189784,246.458035433033,199.10906239865102,
Mississippi,1993,1170109.0,1167032.0,329408.0,,,,
Mississippi,1994,1911579.0,1919812.0,503374.0,,,201.529327838956,
Mississippi,1995,2118973.0,2160068.0,503301.0,,,,
Mississippi,1996,2241561.0,2268726.0,503602.0,208.434118577159,250.215489081725,,
Mississippi,1997,2274700.0,2319324.0,503979.0,,,,
Mississippi,1998,2400660.0,2543454.0,504792.0,,,204.301815338639,250.578131600625
Mississippi,1999,2532681.0,2811852.0,502382.0,,,,
Mississippi,2000,2743284.0,2996474.0,499362.0,210.97035028049703,254.033900269054,,
Mississippi,2001,2823151.0,2930393.0,496513.0,,,,
Mississippi,2002,3029559.0,3026111.0,492198.0,,,202.793328058965,255.02119273528402
Mississippi,2003,3260771.0,3205193.0,491623.0,222.890600506289,260.911933580199,205.46440681013001,255.010828024612
Mississippi,2004,3481643.0,3473928.0,492557.0,,,,
Mississippi,2005,3639643.0,3610904.0,494382.0,226.698844722803,262.456242710419,204.39360704930303,250.530668896407
Mississippi,2006,4279581.0,4066036.0,493952.0,,,,
Mississippi,2007,4220926.0,4158733.0,494135.0,227.612377077088,264.890918700127,207.809518812675,250.063570104392
Mississippi,2008,4449009.0,4363308.0,493302.0,,,,
Mississippi,2009,4392101.0,4552756.0,491194.0,227.262260849183,265.001958154729,210.50651753667802,251.305654614612
Mississippi,2010,4466377.0,4504257.0,491651.0,,,,
Mississippi,2011,4516742.0,4345783.0,490526.0,229.868022217831,269.235645624753,209.18802012976502,253.83344043271302
Mississippi,2012,4477828.0,4423270.0,490619.0,,,,
Mississippi,2013,4444064.0,4370050.0,492847.0,231.105721411129,271.160967287249,208.518536453726,253.14781817765498
Mississippi,2014,4480105.0,4463078.0,492421.0,,,,
Mississippi,2015,4592343.0,4624539.0,490189.0,234.243053139768,270.580479347121,214.110686915211,251.97616520927798
Mississippi,2016,4755399.0,4631356.0,486245.0,,,,
Mississippi,2017,,,,234.69419302812,270.91490754267,215.203305690064,256.344701137275
Missouri,1992,,,,222.21559976008098,271.131544740125,220.049405350833,
Missouri,1993,4196601.0,4234845.0,834636.0,,,,
Missouri,1994,4488359.0,4575564.0,852324.0,,,216.898079209576,
Missouri,1995,4852467.0,4957215.0,862505.0,,,,
Missouri,1996,5251014.0,5277785.0,873867.0,224.734461780233,273.284887242559,,
Missouri,1997,5550134.0,5527705.0,899750.0,,,,
Missouri,1998,5990499.0,5849648.0,909441.0,,,216.18255868340302,262.90367876662003
Missouri,1999,6238901.0,6228001.0,911563.0,,,,
Missouri,2000,6675260.0,6708608.0,913517.0,228.55281380601502,273.575780410819,,
Missouri,2001,7081783.0,7100685.0,911673.0,,,,
Missouri,2002,7455539.0,7636924.0,909918.0,,,220.171767157677,267.909415312882
Missouri,2003,7622601.0,7905481.0,921625.0,234.836425354607,278.766250348876,222.260230125215,267.363673296442
Missouri,2004,7893957.0,7896438.0,914055.0,,,,
Missouri,2005,8340865.0,8170965.0,902659.0,235.035547623939,276.44993926095003,221.16862279503,264.659368767086
Missouri,2006,8846493.0,8654672.0,913765.0,,,,
Missouri,2007,8908844.0,9245525.0,910142.0,239.411102894897,280.619538285703,220.776827870135,263.442315999206
Missouri,2008,9335599.0,9900419.0,898350.0,,,,
Missouri,2009,9472520.0,10227305.0,893807.0,240.684380944942,285.808001946777,223.84235777869597,266.876460156868
Missouri,2010,9587703.0,10139784.0,897348.0,,,,
Missouri,2011,9915356.0,9842505.0,896702.0,240.494831043156,281.947646246654,220.346171042259,266.76205134969103
Missouri,2012,10022622.0,9910617.0,893221.0,,,,
Missouri,2013,10103589.0,10001763.0,897224.0,239.548361930055,282.988457911702,222.33418590941602,267.215011778953
Missouri,2014,10256615.0,10324249.0,892992.0,,,,
Missouri,2015,10623391.0,10540353.0,892779.0,238.964922500718,280.821425670635,222.72551679114,266.876351831946
Missouri,2016,10893231.0,10719882.0,891554.0,,,,
Missouri,2017,,,,239.502289164298,280.596021606445,222.68108112812197,266.03500691502103
Montana,1990,,,,,280.497342352668,,
Montana,1993,813998.0,833435.0,158875.0,,,,
Montana,1994,878986.0,878084.0,163968.0,,,222.301419050803,
Montana,1995,911284.0,899635.0,164109.0,,,,
Montana,1996,944623.0,924259.0,165390.0,227.51623614729,283.003869962468,,
Montana,1997,989991.0,972059.0,164464.0,,,,
Montana,1998,1035636.0,1007146.0,162164.0,,,226.149056807806,270.21341948159
Montana,1999,1049369.0,1026263.0,159813.0,,,,
Montana,2000,1104935.0,1051768.0,157381.0,229.812004834534,286.584607021488,,
Montana,2001,1139959.0,1129098.0,154700.0,,,,
Montana,2002,1168799.0,1163960.0,151751.0,,,224.162866032429,270.165042334049
Montana,2003,1205602.0,1214879.0,149801.0,235.75491526568902,285.928022552419,222.74654162772703,269.833415980195
Montana,2004,1270790.0,1241417.0,148168.0,,,,
Montana,2005,1293070.0,1268328.0,146552.0,240.575488552507,286.432001216413,224.552179792932,269.224129746888
Montana,2006,1375638.0,1377599.0,145259.0,,,,
Montana,2007,1474306.0,1442434.0,144258.0,243.618811261651,287.07552895369497,226.66653258748403,270.937849960978
Montana,2008,1562815.0,1557678.0,142695.0,,,,
Montana,2009,1607935.0,1622485.0,141782.0,244.400751913997,291.542942879491,224.651750127955,270.393925995333
Montana,2010,1623971.0,1642886.0,141693.0,,,,
Montana,2011,1631810.0,1655584.0,141529.0,243.796606541624,292.907804277033,225.144216219664,272.87414076560697
Montana,2012,1628318.0,1652537.0,142237.0,,,,
Montana,2013,1671053.0,1679521.0,142797.0,243.69888459472,289.228453008852,222.982749322942,271.765782480696
Montana,2014,1729712.0,1754324.0,144034.0,,,,
Montana,2015,1804339.0,1804841.0,144447.0,241.287048262014,287.464005517244,224.757393529067,269.956777592733
Montana,2016,1800909.0,1879789.0,145240.0,,,,
Montana,2017,,,,240.72163449861802,285.600436850241,222.326721838733,267.208219320757
Nebraska,1990,,,,,275.673962105345,,
Nebraska,1992,,,,225.33264753313202,277.654523381042,221.176841973787,
Nebraska,1993,1625242.0,1642376.0,281354.0,,,,
Nebraska,1994,1710913.0,1769248.0,283962.0,,,220.034963055612,
Nebraska,1995,1832463.0,1874253.0,285836.0,,,,
Nebraska,1996,1909834.0,1940808.0,289251.0,227.54399272942402,282.76960686188204,,
Nebraska,1997,1994021.0,1946725.0,290883.0,,,,
Nebraska,1998,2062836.0,1966403.0,291570.0,,,,
Nebraska,1999,2212104.0,2062226.0,290383.0,,,,
Nebraska,2000,2263952.0,2165529.0,287566.0,225.945335824734,280.618068695496,,
Nebraska,2001,2355374.0,2344564.0,285331.0,,,,
Nebraska,2002,2528312.0,2562812.0,283789.0,,,221.56523924816798,269.948920609891
Nebraska,2003,2600831.0,2623966.0,283934.0,236.254108414529,282.19375596569597,220.61180206660597,266.313690432675
Nebraska,2004,2734724.0,2667987.0,284170.0,,,,
Nebraska,2005,2895640.0,2708776.0,284553.0,237.706178475691,283.9629910353,221.377462774998,267.455694338449
Nebraska,2006,3107061.0,2867250.0,285547.0,,,,
Nebraska,2007,3234014.0,3117931.0,287135.0,238.040808639328,283.65059864617297,222.902554305927,267.030850555401
Nebraska,2008,3383157.0,3325663.0,290912.0,,,,
Nebraska,2009,3522481.0,3523803.0,292161.0,238.748463363704,284.259093531038,222.523307331545,267.067856574245
Nebraska,2010,3720560.0,3640199.0,294948.0,,,,
Nebraska,2011,3879388.0,3676326.0,297659.0,239.80326865057597,283.197044839966,223.311726013091,267.70386518897203
Nebraska,2012,3764056.0,3880517.0,300941.0,,,,
Nebraska,2013,3870164.0,3913038.0,303242.0,243.157929125431,285.061348473454,223.252785111637,269.221914635868
Nebraska,2014,4005091.0,4008633.0,307398.0,,,,
Nebraska,2015,4248695.0,4283846.0,312281.0,243.863666875446,286.49856348622797,226.634610885937,269.426210864772
Nebraska,2016,4398811.0,4640422.0,315542.0,,,,
Nebraska,2017,,,,245.59067458725,288.405955332178,224.096224936306,268.528555260402
Nevada,1993,1148268.0,1265367.0,222846.0,,,,
Nevada,1994,1266549.0,1344245.0,235800.0,,,,
Nevada,1995,1367710.0,1381200.0,250749.0,,,,
Nevada,1996,1551169.0,1608989.0,265041.0,217.62261218492,,,
Nevada,1997,1701290.0,1905940.0,282131.0,,,,
Nevada,1998,1906860.0,2030065.0,296621.0,,,207.59793005728199,256.838401303912
Nevada,1999,2089048.0,2298474.0,311063.0,,,,
Nevada,2000,2252416.0,2437438.0,325610.0,220.27486645014,268.18159911998,,
Nevada,2001,2381897.0,2692840.0,339451.0,,,,
Nevada,2002,2592064.0,2913023.0,354869.0,,,209.129161847526,251.36320098116198
Nevada,2003,2778564.0,3009028.0,369498.0,227.513598313738,268.04313771367,206.959682725248,252.309915677623
Nevada,2004,3069531.0,3228619.0,385414.0,,,,
Nevada,2005,3381646.0,3483540.0,399727.0,229.87159551387995,269.905585503685,207.186974378559,252.86906252292005
Nevada,2006,3691628.0,4022979.0,412747.0,,,,
Nevada,2007,4006081.0,4346371.0,422782.0,231.781600510466,270.80402437492296,210.819009123413,252.348473866768
Nevada,2008,4338601.0,4881218.0,428776.0,,,,
Nevada,2009,4442101.0,4577881.0,430985.0,235.152273891367,274.148541684888,211.140588986901,253.84095441962998
Nevada,2010,4262471.0,4260869.0,423859.0,,,,
Nevada,2011,4146577.0,4258855.0,429610.0,237.031878873139,278.113153726165,212.575191683097,258.19326424883997
Nevada,2012,4053945.0,4109706.0,428526.0,,,,
Nevada,2013,4131800.0,4057443.0,431776.0,236.262899387868,278.28668090862004,213.75531361813802,261.695982235772
Nevada,2014,4203255.0,4043820.0,435765.0,,,,
Nevada,2015,4345419.0,4183085.0,438948.0,233.827016206925,275.171868843271,214.425584466776,259.417376365165
Nevada,2016,4482886.0,4374249.0,441623.0,,,,
Nevada,2017,,,,231.685162157891,275.36545551406897,214.84169616634603,259.806407268129
New Hampshire,1990,,,,,273.147248796745,,
New Hampshire,1992,,,,229.664563843433,278.216325585348,227.71482466697998,
New Hampshire,1993,1109743.0,1091814.0,177722.0,,,,
New Hampshire,1994,1145147.0,1119762.0,181688.0,,,223.466139521211,
New Hampshire,1995,1197945.0,1232465.0,186239.0,,,,
New Hampshire,1996,1269380.0,1295106.0,191004.0,,,,
New Hampshire,1997,1339186.0,1431472.0,193524.0,,,,
New Hampshire,1998,1420100.0,1428447.0,196734.0,,,225.71564134755798,
New Hampshire,1999,1498286.0,1491560.0,201252.0,,,,
New Hampshire,2000,1586869.0,1640395.0,203178.0,,,,
New Hampshire,2001,1757828.0,1796043.0,204721.0,,,,
New Hampshire,2002,1887115.0,1956047.0,203072.0,,,,
New Hampshire,2003,2028602.0,2122604.0,203702.0,243.11014219523702,286.198468660005,227.789508496749,270.734453004041
New Hampshire,2004,2194562.0,2236010.0,203359.0,,,,
New Hampshire,2005,2332695.0,2333264.0,202223.0,245.62592639978698,285.2533570362,227.438324133747,269.65127033258597
New Hampshire,2006,2459051.0,2494247.0,201044.0,,,,
New Hampshire,2007,2600123.0,2608190.0,198625.0,248.571526557139,287.55706095499403,229.01717335240897,269.734588561039
New Hampshire,2008,2715463.0,2715961.0,195668.0,,,,
New Hampshire,2009,2816162.0,2757401.0,197024.0,251.071752631735,292.321817220053,229.144520432665,270.748158823326
New Hampshire,2010,2906573.0,2856965.0,196648.0,,,,
New Hampshire,2011,2947007.0,3001244.0,189275.0,251.77883682247003,292.10873973776,230.392676367953,272.078626455018
New Hampshire,2012,2963221.0,2961684.0,190778.0,,,,
New Hampshire,2013,2976317.0,2878534.0,187703.0,252.993525166642,295.665123344221,231.998366395397,274.307731748779
New Hampshire,2014,3042994.0,2960615.0,184846.0,,,,
New Hampshire,2015,3093061.0,3044720.0,183039.0,249.150621351838,294.413018726344,231.94984764811198,274.8067462817
New Hampshire,2016,3150473.0,3124778.0,179682.0,,,,
New Hampshire,2017,,,,245.319838570829,293.290654433387,228.900649270634,274.786039733195
New Jersey,1990,,,,,269.664075949166,,
New Jersey,1992,,,,227.14804704408903,271.90556119235697,222.963653783424,
New Jersey,1993,6747567.0,6641624.0,653488.0,,,,
New Jersey,1994,6957898.0,6765105.0,651554.0,,,219.39046831622898,
New Jersey,1995,11870183.0,11961696.0,1171658.0,,,,
New Jersey,1996,12389781.0,12469216.0,1193928.0,227.24016718489,,,
New Jersey,1997,12910890.0,13242022.0,1216721.0,,,,
New Jersey,1998,13786951.0,13973201.0,1238948.0,,,,
New Jersey,1999,14977501.0,14927302.0,1257772.0,,,,
New Jersey,2000,15651060.0,15907248.0,1279542.0,,,,
New Jersey,2001,16854895.0,17144456.0,1301195.0,,,,
New Jersey,2002,18071365.0,18155147.0,1326196.0,,,,
New Jersey,2003,19785039.0,19812932.0,1350330.0,238.776541201516,281.40711990453605,225.07332803577003,267.786953088416
New Jersey,2004,21398391.0,21467607.0,1363189.0,,,,
New Jersey,2005,23026334.0,23023365.0,1368959.0,243.978931397732,283.902604236295,223.298393451738,269.423228138126
New Jersey,2006,23915685.0,24177714.0,1371155.0,,,,
New Jersey,2007,25293076.0,25572112.0,1363804.0,248.621522373251,288.583451449458,230.64697200837998,270.141550284263
New Jersey,2008,25916004.0,26168480.0,1353191.0,,,,
New Jersey,2009,26510413.0,26145334.0,1354912.0,246.52986977977997,292.657227109585,229.394486392659,272.80263385761003
New Jersey,2010,26676217.0,26736651.0,1369553.0,,,,
New Jersey,2011,26242376.0,25716298.0,1399409.0,248.00416256175097,294.138771366004,231.23762972371003,275.183164316271
New Jersey,2012,27574528.0,26432652.0,1330300.0,,,,
New Jersey,2013,28070096.0,28179900.0,1338657.0,246.87090919859298,296.053351131027,228.71974406764198,276.37798779341
New Jersey,2014,28454548.0,27742203.0,1335350.0,,,,
New Jersey,2015,29335237.0,28809725.0,1339230.0,245.383220077076,293.36593817877,229.487674441138,270.85371153052995
New Jersey,2016,30012666.0,29665476.0,1364473.0,,,,
New Jersey,2017,,,,247.855231175611,291.698552399307,232.943318467524,275.04455230693
New Mexico,1990,,,,,256.422988469222,,
New Mexico,1992,,,,213.299089872535,259.606717651222,210.73844398421298,
New Mexico,1993,1217194.0,1223185.0,281407.0,,,,
New Mexico,1994,1342868.0,1223759.0,286759.0,,,204.535910683103,
New Mexico,1995,1646265.0,1540683.0,327253.0,,,,
New Mexico,1996,1750519.0,1642517.0,329661.0,213.844024972342,261.970366722903,,
New Mexico,1997,1768148.0,1826524.0,332849.0,,,,
New Mexico,1998,1913783.0,1933538.0,331673.0,,,205.948605264999,257.532427542738
New Mexico,1999,2068337.0,2098998.0,328715.0,,,,
New Mexico,2000,2191695.0,2165031.0,324489.0,213.868300752056,259.844673042444,,
New Mexico,2001,2373143.0,2315182.0,319524.0,,,,
New Mexico,2002,2537261.0,2542682.0,317548.0,,,207.50117018395198,253.662756337578
New Mexico,2003,2626262.0,2658140.0,320264.0,222.51800923908297,263.27290665162496,203.185312558191,251.59915596535402
New Mexico,2004,2855893.0,2882631.0,323066.0,,,,
New Mexico,2005,2982991.0,3011696.0,326102.0,224.027218256997,263.275162986677,206.79162070609902,251.03333074844502
New Mexico,2006,3094036.0,3099738.0,326761.0,,,,
New Mexico,2007,3272953.0,3279467.0,327816.0,228.06431284199502,267.53807866263304,211.631884615174,250.75317445252998
New Mexico,2008,3569311.0,3599724.0,329045.0,,,,
New Mexico,2009,3703477.0,3945515.0,328737.0,230.029589245712,269.704253797704,207.645730781769,254.129173669956
New Mexico,2010,3638606.0,3814058.0,331436.0,,,,
New Mexico,2011,3591330.0,3694437.0,331373.0,232.840370734081,274.454701456959,208.01411935219,255.86163460115003
New Mexico,2012,3478709.0,3616691.0,328690.0,,,,
New Mexico,2013,3518621.0,3536546.0,327209.0,232.78143293135602,272.76180889422903,205.756405354204,255.87007704604198
New Mexico,2014,3601387.0,3576216.0,326637.0,,,,
New Mexico,2015,3789651.0,3846641.0,326297.0,231.167235964367,270.897534405553,207.24044637637698,253.227767643793
New Mexico,2016,3765069.0,3729397.0,319861.0,,,,
New Mexico,2017,,,,229.704281935704,269.374084020303,207.704353543603,255.578543060787
New York,1990,,,,,260.795812629884,,
New York,1992,,,,218.44553529257303,266.422300096356,214.625123268518,
New York,1993,22688753.0,23934282.0,2663637.0,,,,
New York,1994,23933662.0,25359726.0,2702937.0,,,211.74092082461001,
New York,1995,25063999.0,26540967.0,2738361.0,,,,
New York,1996,26026366.0,26974514.0,2788343.0,222.634058698567,270.23148604297796,,
New York,1997,26775074.0,28227561.0,2818497.0,,,,
New York,1998,27900803.0,29853891.0,2834992.0,,,215.77921569418098,266.311662282306
New York,1999,30215370.0,31841870.0,2850352.0,,,,
New York,2000,31906526.0,33683043.0,2861478.0,226.559060716282,276.262858771617,,
New York,2001,34373567.0,38062603.0,2856277.0,,,,
New York,2002,35748163.0,39585780.0,2846068.0,,,222.445054715407,263.948636520536
New York,2003,38033080.0,41603390.0,2879228.0,235.930075481869,279.749257044273,222.18820710677602,265.329794503317
New York,2004,40820776.0,42953568.0,2842785.0,,,,
New York,2005,43936450.0,45086872.0,2816426.0,238.173976704232,279.716253699868,222.695200017251,265.13856181731603
New York,2006,47018793.0,48359774.0,2787366.0,,,,
New York,2007,50762544.0,51253984.0,2754976.0,242.54301817964298,280.14117723747603,223.75202728955898,263.54571646767005
New York,2008,53147343.0,54870811.0,2727552.0,,,,
New York,2009,55885116.0,57851481.0,2696688.0,240.641098758037,282.576915418605,224.36874884831101,264.288057457975
New York,2010,55453300.0,60067253.0,2697357.0,,,,
New York,2011,57753776.0,59446908.0,2677412.0,237.519942618542,280.45302609298597,222.49381094408798,265.69702830715
New York,2012,58981073.0,60216421.0,2644029.0,,,,
New York,2013,59623918.0,60505950.0,2629805.0,240.34981686683898,281.807787831651,223.81336257733997,266.346063235407
New York,2014,61337112.0,62556193.0,2619312.0,,,,
New York,2015,63712218.0,65094591.0,2631532.0,236.796927043204,280.089220069279,222.64630319770302,263.247658592835
New York,2016,66912661.0,68282026.0,2590945.0,,,,
New York,2017,,,,235.548457260667,281.687999953596,221.884015359739,264.15758419309
North Carolina,1990,,,,,250.348487219657,,
North Carolina,1992,,,,212.884489891009,258.405374807984,211.54592724424597,
North Carolina,1993,5583166.0,5475174.0,1112636.0,,,,
North Carolina,1994,5648390.0,5740906.0,1131662.0,,,214.358085541861,
North Carolina,1995,6076939.0,6217951.0,1155248.0,,,,
North Carolina,1996,6516400.0,6517111.0,1181600.0,224.32512493822497,267.834560282947,,
North Carolina,1997,6827952.0,7007690.0,1208695.0,,,,
North Carolina,1998,7516979.0,7688076.0,1230010.0,,,216.83746284431197,263.591741914869
North Carolina,1999,8476795.0,8674393.0,1244926.0,,,,
North Carolina,2000,9064700.0,9275837.0,1261586.0,232.46306482817698,280.127947198885,,
North Carolina,2001,9670620.0,9807815.0,1277013.0,,,,
North Carolina,2002,9701231.0,9882399.0,1296156.0,,,221.634039776418,265.022858505901
North Carolina,2003,9907235.0,9989670.0,1314632.0,242.04012560616403,281.240350571106,221.220579655011,261.71164481782
North Carolina,2004,10569600.0,10263463.0,1325707.0,,,,
North Carolina,2005,11098165.0,10917913.0,1347177.0,241.23554932895803,281.82513658657797,217.13444866524398,258.160185489234
North Carolina,2006,11709885.0,11725031.0,1378306.0,,,,
North Carolina,2007,13063307.0,12794086.0,1416028.0,241.617994022296,283.880668759806,217.934042613497,259.13670308841097
North Carolina,2008,13610326.0,13731201.0,1408316.0,,,,
North Carolina,2009,15410564.0,14868070.0,1452064.0,243.77846013203302,284.332635252336,219.296045907462,259.528486560755
North Carolina,2010,16621268.0,14162497.0,1444409.0,,,,
North Carolina,2011,14409515.0,13767024.0,1448117.0,244.51790076388198,286.267028242857,221.356963571717,262.928956255321
North Carolina,2012,12788659.0,13418244.0,1462172.0,,,,
North Carolina,2013,12729402.0,13650536.0,1468228.0,244.801732892983,285.645388424867,222.227715159886,264.540999710832
North Carolina,2014,13462754.0,13540706.0,1441391.0,,,,
North Carolina,2015,13146934.0,14060699.0,1465031.0,243.74226678887902,281.331091062317,225.810590900179,260.594556550199
North Carolina,2016,13448045.0,14207389.0,1462036.0,,,,
North Carolina,2017,,,,240.951393074866,281.926028447068,223.930906236334,262.720476897929
North Dakota,1990,,,,,281.100428162171,,
North Dakota,1992,,,,228.66281534053903,283.213074712775,225.51595067402303,
North Dakota,1993,580148.0,588983.0,118793.0,,,,
North Dakota,1994,603902.0,621313.0,118778.0,,,225.23908328462997,
North Dakota,1995,642234.0,621904.0,119288.0,,,,
North Dakota,1996,655971.0,657809.0,119102.0,230.904183161864,284.222267982804,,
North Dakota,1997,683331.0,679692.0,118433.0,,,,
North Dakota,1998,731384.0,715126.0,116813.0,,,,
North Dakota,1999,770094.0,756337.0,114546.0,,,,
North Dakota,2000,812982.0,802768.0,112349.0,230.892957801454,283.073844051673,,
North Dakota,2001,818139.0,814838.0,108788.0,,,,
North Dakota,2002,846759.0,838666.0,105936.0,,,223.59155804258202,268.090026516872
North Dakota,2003,882913.0,895278.0,103785.0,237.57738683297902,287.14464048292,221.642245735878,269.73035434547
North Dakota,2004,925393.0,957480.0,101889.0,,,,
North Dakota,2005,969520.0,985502.0,100413.0,242.73699505931702,286.960953441317,224.810846710111,270.243755830946
North Dakota,2006,1008339.0,1017084.0,98172.0,,,,
North Dakota,2007,1045678.0,1042175.0,96577.0,245.415854173904,291.561611918756,226.325481086957,268.017670542433
North Dakota,2008,1104803.0,1085970.0,94959.0,,,,
North Dakota,2009,1150142.0,1137260.0,94653.0,245.18952627082996,292.842488544915,225.967471901352,269.239984852546
North Dakota,2010,1308214.0,1267426.0,94997.0,,,,
North Dakota,2011,1309044.0,1312226.0,96255.0,245.15641599478298,291.998404485775,225.57752634611,268.69421789306097
North Dakota,2012,1345371.0,1380563.0,97555.0,,,,
North Dakota,2013,1405349.0,1516575.0,101025.0,246.424794889496,290.515111260981,224.08338500152198,267.779199654396
North Dakota,2014,1568997.0,1597210.0,103272.0,,,,
North Dakota,2015,1644533.0,1804762.0,106061.0,244.71383057757998,288.244147214039,224.69198435116002,266.95532299054
North Dakota,2016,1788749.0,1963630.0,108384.0,,,,
North Dakota,2017,,,,244.243515259852,288.172322165675,221.519265852407,265.08192180549497
Ohio,1990,,,,,263.974499317898,,
Ohio,1992,,,,218.711934884257,268.124197827471,217.370297292174,
Ohio,1993,10841606.0,10385253.0,1834239.0,,,,
Ohio,1994,10735756.0,10780138.0,1816817.0,,,,
Ohio,1995,11368650.0,11330046.0,1829761.0,,,,
Ohio,1996,12172778.0,11935582.0,1837628.0,,,,
Ohio,1997,12630491.0,12421963.0,1844245.0,,,,
Ohio,1998,13577343.0,13005301.0,1846585.0,,,,
Ohio,1999,14507056.0,13865260.0,1834379.0,,,,
Ohio,2000,15327834.0,14909952.0,1822566.0,230.574216614128,282.672753528445,,
Ohio,2001,16693845.0,16282257.0,1821546.0,,,,
Ohio,2002,17589983.0,17608944.0,1796603.0,,,222.435965378937,268.315861934206
Ohio,2003,18018740.0,18760200.0,1803966.0,237.78206789556302,281.607295379003,221.86579907669,266.566105917826
Ohio,2004,18878773.0,19375400.0,1797666.0,,,,
Ohio,2005,19746239.0,19785561.0,1778784.0,242.105935222061,283.251774708647,222.533253783097,266.767281184036
Ohio,2006,20957714.0,20589584.0,1769200.0,,,,
Ohio,2007,22142424.0,21336580.0,1758645.0,244.532731712557,284.851639473941,225.666987806902,267.978979400559
Ohio,2008,22746589.0,21951104.0,1743920.0,,,,
Ohio,2009,22779344.0,22427481.0,1729072.0,243.68755285939702,285.583013784517,224.532178118541,268.67823553327
Ohio,2010,23247907.0,22701333.0,1669748.0,,,,
Ohio,2011,23488657.0,23010396.0,1655534.0,244.038621552155,288.602596832439,223.82821391211002,268.283949224188
Ohio,2012,22799205.0,22662376.0,1630865.0,,,,
Ohio,2013,22536516.0,22015797.0,1613718.0,245.549796905114,289.528096752185,223.88774613674198,269.086973442103
Ohio,2014,23297509.0,21847582.0,1601566.0,,,,
Ohio,2015,24378660.0,22561728.0,1600222.0,243.598591203345,285.061955059169,224.930419714072,265.879220258589
Ohio,2016,23766529.0,23352516.0,1595024.0,,,,
Ohio,2017,,,,240.928372101796,287.714266317975,225.26113810743198,268.450641614295
Oklahoma,1990,,,,,263.178474756633,,
Oklahoma,1992,,,,220.31980591536,268.131989632929,220.27677693830003,
Oklahoma,1993,1436505.0,1428916.0,312817.0,,,,
Oklahoma,1994,1518540.0,1529205.0,316322.0,,,,
Oklahoma,1995,3156526.0,3180275.0,609743.0,,,,
Oklahoma,1996,3185234.0,3195426.0,616436.0,,,,
Oklahoma,1997,3413742.0,3390894.0,620695.0,,,,
Oklahoma,1998,3559980.0,3617938.0,623681.0,,,219.511821509926,265.363798443416
Oklahoma,1999,3788901.0,3817848.0,628522.0,,,,
Oklahoma,2000,3906833.0,3876871.0,627032.0,225.04192223888302,271.645793898218,,
Oklahoma,2001,4257128.0,4288405.0,623110.0,,,,
Oklahoma,2002,4370415.0,4467944.0,622115.0,,,213.328415588676,262.012002985815
Oklahoma,2003,4426835.0,4376502.0,624202.0,229.096621276342,271.905151347835,213.57935707208,261.719961000332
Oklahoma,2004,4622080.0,4400069.0,625826.0,,,,
Oklahoma,2005,4892548.0,4785987.0,629145.0,233.95532879955002,271.35990240867903,213.861450098821,259.631359955752
Oklahoma,2006,5120286.0,5094695.0,634468.0,,,,
Oklahoma,2007,5491931.0,5505213.0,639032.0,236.80219418762002,274.534989354995,216.955654036521,259.547225161046
Oklahoma,2008,5780151.0,5667749.0,641682.0,,,,
Oklahoma,2009,6029807.0,5941799.0,644549.0,236.780985587581,275.711956830545,217.19062755925302,259.495771007061
Oklahoma,2010,5778507.0,5971651.0,653592.0,,,,
Oklahoma,2011,5835133.0,5644988.0,658163.0,237.42908227430198,279.179608185009,215.47758572983398,260.121264611744
Oklahoma,2012,5824963.0,5594867.0,664200.0,,,,
Oklahoma,2013,5878111.0,5796945.0,671445.0,238.921877478041,275.50673202657697,216.988876495215,261.931495221637
Oklahoma,2014,6034336.0,6026661.0,670069.0,,,,
Oklahoma,2015,6121188.0,6184819.0,671715.0,239.760481447062,274.58598213813997,221.830510126344,262.673145850428
Oklahoma,2016,6103728.0,6184152.0,672777.0,,,,
Oklahoma,2017,,,,237.32627022564702,274.688883411113,216.58777517172902,261.236933515587
Oregon,1990,,,,,271.36249421322003,,
Oregon,1993,3141217.0,3149126.0,509814.0,,,,
Oregon,1994,3088542.0,3191792.0,518425.0,,,,
Oregon,1995,3302062.0,3255984.0,519284.0,,,,
Oregon,1996,3375710.0,3509765.0,527769.0,223.476164730433,276.341513193468,,
Oregon,1997,3477420.0,3792572.0,537675.0,,,,
Oregon,1998,3892091.0,3939722.0,540226.0,,,214.442086585458,265.807107945656
Oregon,1999,4080653.0,4172435.0,541436.0,,,,
Oregon,2000,4369400.0,4398318.0,542739.0,226.62949114105203,280.640222797324,,
Oregon,2001,4561948.0,4715944.0,544756.0,,,,
Oregon,2002,4772603.0,4980466.0,549604.0,,,219.936918287852,268.14453047088904
Oregon,2003,4592019.0,4978764.0,552135.0,236.30590556784,280.892470910844,217.61453525022702,264.025569883652
Oregon,2004,5086083.0,5393871.0,549196.0,,,,
Oregon,2005,5022050.0,5597579.0,550502.0,238.324930566673,282.237325362273,216.899980219675,263.156890818544
Oregon,2006,5429145.0,5386128.0,556185.0,,,,
Oregon,2007,5648586.0,5634955.0,559643.0,236.039657297687,283.826277204194,215.01732344376998,265.710210180337
Oregon,2008,6107684.0,6407512.0,562632.0,,,,
Oregon,2009,6158756.0,6715011.0,560726.0,238.03232724765098,285.036814371216,218.142340516871,265.08924671643996
Oregon,2010,6219779.0,6398065.0,560239.0,,,,
Oregon,2011,6112484.0,6317635.0,559631.0,236.914497047468,282.518206779261,216.44015438168898,264.225611626444
Oregon,2012,6124872.0,6314092.0,566525.0,,,,
Oregon,2013,6077498.0,6228197.0,564006.0,240.09925201800598,283.524589064024,219.132674237737,268.282662715666
Oregon,2014,6621363.0,6453635.0,566538.0,,,,
Oregon,2015,7111710.0,7011609.0,570376.0,237.74670893826,282.81489935264597,220.222719958397,267.670519675172
Oregon,2016,7418055.0,7501954.0,574252.0,,,,
Oregon,2017,,,,233.132459994163,282.173028442268,217.53107296386798,266.216684155209
Pennsylvania,1990,,,,,266.363944697031,,
Pennsylvania,1992,,,,224.305731577843,271.378438779246,220.69265286334098,
Pennsylvania,1993,12269422.0,12809067.0,1719829.0,,,,
Pennsylvania,1994,13271564.0,13701725.0,1720681.0,,,215.26834149316502,
Pennsylvania,1995,13957035.0,14135826.0,1741698.0,,,,
Pennsylvania,1996,14671368.0,15048791.0,1764117.0,226.21201467000802,,,
Pennsylvania,1997,15184431.0,15777276.0,1781383.0,,,,
Pennsylvania,1998,15671363.0,16432921.0,1791100.0,,,,
Pennsylvania,1999,16361921.0,17113809.0,1787430.0,,,,
Pennsylvania,2000,17090654.0,17861852.0,1782444.0,,,,
Pennsylvania,2001,17792997.0,18666522.0,1771473.0,,,,
Pennsylvania,2002,18586743.0,20018554.0,1766513.0,,,220.63639332695598,265.320558357815
Pennsylvania,2003,19811545.0,20626459.0,1757066.0,235.947017122469,278.537758124922,218.69842753610902,264.267365101484
Pennsylvania,2004,21104028.0,22054811.0,1756012.0,,,,
Pennsylvania,2005,22657782.0,23183924.0,1755560.0,240.57296331100702,280.713835066326,222.771980355527,266.821911059188
Pennsylvania,2006,23950553.0,24195122.0,1752402.0,,,,
Pennsylvania,2007,25334577.0,25627083.0,1760451.0,244.001273492789,286.16686332577,226.353658210298,267.665630227785
Pennsylvania,2008,26357235.0,26597713.0,1718588.0,,,,
Pennsylvania,2009,26755585.0,27328680.0,1687145.0,243.58787315025,288.30416892392503,223.67943988465802,270.700536709088
Pennsylvania,2010,27883991.0,28231191.0,1682887.0,,,,
Pennsylvania,2011,28492510.0,28810721.0,1670854.0,245.654910289272,286.10274173594104,227.23646319431,267.750596675669
Pennsylvania,2012,27881568.0,27851918.0,1644759.0,,,,
Pennsylvania,2013,28484645.0,28495118.0,1623694.0,244.012619964297,289.623651633339,226.40232361222098,272.085365342425
Pennsylvania,2014,29068069.0,28620630.0,1605292.0,,,,
Pennsylvania,2015,29967185.0,29690645.0,1589429.0,243.312239940824,283.66841544434897,226.670774068,268.746120751013
Pennsylvania,2016,31077289.0,30925177.0,1572593.0,,,,
Pennsylvania,2017,,,,241.672327208486,286.393832326288,224.924702323396,269.55382331575
Rhode Island,1990,,,,,260.040897221955,,
Rhode Island,1992,,,,215.449248153985,265.907109115823,216.61452067093498,
Rhode Island,1993,919594.0,901540.0,138939.0,,,,
Rhode Island,1994,1012987.0,994885.0,144918.0,,,219.94009770347802,
Rhode Island,1995,1089859.0,1056716.0,146609.0,,,,
Rhode Island,1996,1135192.0,1092459.0,148977.0,220.41809391747898,268.87730812505197,,
Rhode Island,1997,1185534.0,1175638.0,150433.0,,,,
Rhode Island,1998,1255280.0,1221558.0,152356.0,,,218.02751787012798,262.32512640240003
Rhode Island,1999,1358566.0,1289045.0,153710.0,,,,
Rhode Island,2000,1464820.0,1388454.0,155351.0,224.633857260814,273.425785095558,,
Rhode Island,2001,1592622.0,1504125.0,156275.0,,,,
Rhode Island,2002,1633707.0,1600087.0,156624.0,,,219.623505300296,261.90343434100896
Rhode Island,2003,1728055.0,1646238.0,157286.0,230.29796199237302,271.998694378475,216.494015184678,260.879572089782
Rhode Island,2004,1836758.0,1745707.0,156997.0,,,,
Rhode Island,2005,1903472.0,1790591.0,153596.0,233.436772307714,272.345018074323,216.43986733386902,260.968326762196
Rhode Island,2006,2004709.0,1983578.0,150112.0,,,,
Rhode Island,2007,2100679.0,2082332.0,147861.0,235.87793575221198,275.386990471622,218.761444851879,258.321117711185
Rhode Island,2008,2173888.0,2175172.0,143812.0,,,,
Rhode Island,2009,2179714.0,2171376.0,141521.0,238.76685909351102,277.92371937218996,222.704885161548,259.885589729898
Rhode Island,2010,2207123.0,2187163.0,141023.0,,,,
Rhode Island,2011,2212352.0,2198940.0,139157.0,241.624774676562,282.875659622898,222.481596913528,265.119556331117
Rhode Island,2012,2208278.0,2190431.0,137400.0,,,,
Rhode Island,2013,2282659.0,2231413.0,136401.0,241.41673523663502,284.092212214805,222.80223975373198,266.677052388789
Rhode Island,2014,2313010.0,2258076.0,135084.0,,,,
Rhode Island,2015,2367068.0,2326473.0,134574.0,238.00172968276402,281.445219579398,225.485536668854,265.05085783205897
Rhode Island,2016,2401541.0,2358654.0,133856.0,,,,
Rhode Island,2017,,,,237.554934304512,277.180125645798,223.353442679692,265.767859953914
South Carolina,1992,,,,212.49671380608,260.77254399911,209.716178357788,
South Carolina,1993,3031112.0,2994038.0,631613.0,,,,
South Carolina,1994,3179542.0,3156251.0,634415.0,,,203.416190261787,
South Carolina,1995,3389646.0,3286673.0,638880.0,,,,
South Carolina,1996,3594408.0,3493720.0,635678.0,213.194414923382,260.77544755056,,
South Carolina,1997,3874045.0,3921465.0,641925.0,,,,
South Carolina,1998,4109130.0,4241163.0,648084.0,,,210.449038859528,254.52363696023602
South Carolina,1999,4365352.0,4610436.0,652731.0,,,,
South Carolina,2000,4690418.0,4961392.0,666780.0,220.417006234898,266.35369952528197,,
South Carolina,2001,5437615.0,5492539.0,676681.0,,,,
South Carolina,2002,5627004.0,5897462.0,674347.0,,,213.858854536652,257.640782839043
South Carolina,2003,5709707.0,6024747.0,691736.0,235.793223537785,277.300449617316,214.807724490456,258.08899144280497
South Carolina,2004,5961494.0,6138231.0,696376.0,,,,
South Carolina,2005,6337711.0,6572191.0,701176.0,238.302675325314,281.23432113535,213.20350717718102,257.16910456442
South Carolina,2006,6752813.0,7148083.0,699027.0,,,,
South Carolina,2007,7130274.0,7660995.0,701580.0,237.10741145424402,281.50360148092096,213.836527211386,257.42120279297296
South Carolina,2008,7743317.0,8167262.0,710685.0,,,,
South Carolina,2009,7669733.0,8427391.0,714290.0,235.66830247692798,280.380855413571,215.942298236521,257.27418459256097
South Carolina,2010,7755419.0,8242553.0,715590.0,,,,
South Carolina,2011,7772777.0,7961448.0,713511.0,237.303024975307,281.000133716553,214.899808914466,260.30701989879503
South Carolina,2012,7889771.0,7948441.0,715744.0,,,,
South Carolina,2013,8254462.0,8224795.0,722249.0,236.625899742704,279.824608578537,213.64654387011,261.449050699613
South Carolina,2014,8417698.0,8452743.0,729386.0,,,,
South Carolina,2015,8759944.0,8783362.0,737401.0,237.08957145861402,275.827866191395,217.969676534277,260.331422813083
South Carolina,2016,9161667.0,9187299.0,743320.0,,,,
South Carolina,2017,,,,234.043992967064,274.67382111862,213.127835391026,259.75300239808604
South Dakota,1993,465650.0,481665.0,107050.0,,,,
South Dakota,1994,507927.0,525289.0,108439.0,,,,
South Dakota,1995,684882.0,693964.0,135494.0,,,,
South Dakota,1996,710728.0,689818.0,136394.0,,,,
South Dakota,1997,747462.0,711052.0,135601.0,,,,
South Dakota,1998,793101.0,781279.0,133698.0,,,,
South Dakota,1999,825851.0,838078.0,131728.0,,,,
South Dakota,2000,868161.0,898609.0,130279.0,,,,
South Dakota,2001,886661.0,950595.0,127986.0,,,,
South Dakota,2002,930874.0,981977.0,127129.0,,,,
South Dakota,2003,965778.0,993823.0,127632.0,237.26482055278802,284.881736383978,222.27317857721198,269.97105860956503
South Dakota,2004,1007135.0,1012096.0,125156.0,,,,
South Dakota,2005,1053504.0,1059303.0,124862.0,241.594186083007,287.303617983357,222.39869209845298,268.540435645755
South Dakota,2006,1086433.0,1052315.0,121718.0,,,,
South Dakota,2007,1136570.0,1096568.0,121158.0,241.213428581694,288.463925271604,223.39852668799702,269.596763416027
South Dakota,2008,1190917.0,1172715.0,121606.0,,,,
South Dakota,2009,1258876.0,1273527.0,126624.0,242.097789760041,290.619127707892,222.166592778336,270.06099022928
South Dakota,2010,1292742.0,1281632.0,123555.0,,,,
South Dakota,2011,1297661.0,1350617.0,125613.0,240.979792262817,290.61519679044,219.814446299081,268.941537575366
South Dakota,2012,1298723.0,1296971.0,127726.0,,,,
South Dakota,2013,1316613.0,1332496.0,130296.0,240.98109972224202,287.270390625653,217.930744868492,268.100772835989
South Dakota,2014,1345549.0,1355439.0,130653.0,,,,
South Dakota,2015,1415149.0,1464781.0,132836.0,239.723094945658,284.64140569223997,220.469524583778,267.079864989695
South Dakota,2016,1455737.0,1475864.0,134045.0,,,,
South Dakota,2017,,,,241.58894696354,286.376159534544,221.750122908674,267.355726574154
Tennessee,1992,,,,210.948227412449,258.828048116901,212.137178512881,
Tennessee,1993,3268642.0,3286481.0,844668.0,,,,
Tennessee,1994,3535898.0,3661470.0,857014.0,,,212.531394061172,
Tennessee,1995,3870164.0,3958973.0,870594.0,,,,
Tennessee,1996,4123018.0,4284181.0,881749.0,219.17624797698997,263.118935026706,,
Tennessee,1997,4390879.0,4695409.0,886517.0,,,,
Tennessee,1998,4757639.0,4988208.0,876693.0,,,212.40378271707502,258.859712454914
Tennessee,1999,5059587.0,5446555.0,893842.0,,,,
Tennessee,2000,5338531.0,5805181.0,907222.0,219.83558730332,263.436599688201,,
Tennessee,2001,5560822.0,6165661.0,895839.0,,,,
Tennessee,2002,5785857.0,6363357.0,897695.0,,,213.69391761722198,260.276441370062
Tennessee,2003,5994756.0,6482671.0,905050.0,227.75504472077301,268.175728562365,211.94754112042,258.10836458389
Tennessee,2004,6349101.0,6738601.0,911624.0,,,,
Tennessee,2005,6806262.0,7067521.0,940769.0,231.688079714459,270.524576784271,214.221269348578,259.072341834008
Tennessee,2006,7195519.0,7395357.0,953514.0,,,,
Tennessee,2007,7617488.0,7817659.0,978084.0,232.753710108317,273.978786623685,215.749268590355,259.161954905287
Tennessee,2008,8086152.0,8488521.0,966963.0,,,,
Tennessee,2009,8112895.0,8611178.0,971484.0,231.82548619984797,274.761821088186,216.737811108148,260.94667619164903
Tennessee,2010,8405025.0,8760367.0,971414.0,,,,
Tennessee,2011,8679893.0,8961443.0,986382.0,232.90111698293097,274.038710319906,214.640214936919,259.20837071319903
Tennessee,2012,8983224.0,9256522.0,998638.0,,,,
Tennessee,2013,9008032.0,9248235.0,992461.0,239.774787022732,277.720127269641,219.735394665222,265.359504625647
Tennessee,2014,9237782.0,9432883.0,992583.0,,,,
Tennessee,2015,9455920.0,9562527.0,994530.0,240.66739574311902,278.203380665353,218.61326439370097,264.771228998921
Tennessee,2016,9585331.0,9680512.0,999265.0,,,,
Tennessee,2017,,,,236.692515382765,278.77773546865103,218.95279711768399,262.046852903713
Texas,1990,,,,,258.189986920895,,
Texas,1992,,,,217.918744453105,264.592828381905,212.504922222608,
Texas,1993,20267205.0,18574871.0,3535333.0,,,,
Texas,1994,19713604.0,19224149.0,3601627.0,,,212.394311044766,
Texas,1995,20483376.0,20198924.0,3670007.0,,,,
Texas,1996,22241369.0,22401797.0,3740260.0,228.712919803307,270.1995775601,,
Texas,1997,23091567.0,23671010.0,3826366.0,,,,
Texas,1998,24485263.0,25723965.0,3888061.0,,,216.862012407326,262.169894656696
Texas,1999,26096023.0,27883593.0,3933017.0,,,,
Texas,2000,28918934.0,31067935.0,3965971.0,232.66602971637502,274.846015943346,,
Texas,2001,30868844.0,33201450.0,4021535.0,,,,
Texas,2002,32802734.0,35668486.0,4112315.0,,,216.932241699579,262.100424202088
Texas,2003,35143236.0,37333674.0,4201914.0,237.305921828857,277.052648954338,214.80800561674099,258.77725796924096
Texas,2004,36055119.0,38150452.0,4267330.0,,,,
Texas,2005,37783715.0,40302144.0,4334611.0,241.990916323988,281.10284504749296,218.733823976846,258.191597999486
Texas,2006,41142403.0,43394244.0,4450272.0,,,,
Texas,2007,44355326.0,45920825.0,4513835.0,242.339759859575,285.870708420456,219.60431305031602,260.812919224922
Texas,2008,46245975.0,50205827.0,4581517.0,,,,
Texas,2009,48087531.0,53575273.0,4647205.0,240.464623710389,286.685076683873,218.858272374458,260.368795018986
Texas,2010,50559500.0,53810244.0,4728815.0,,,,
Texas,2011,51023159.0,52691826.0,4800196.0,241.10179365066003,290.34670935526503,218.320844616792,261.428390874698
Texas,2012,49979753.0,50215314.0,4844744.0,,,,
Texas,2013,49734537.0,50674724.0,4897523.0,241.926288740505,288.198967599188,216.909597076471,263.684137731278
Texas,2014,52776853.0,53096761.0,4949469.0,,,,
Texas,2015,55582029.0,56255791.0,5004866.0,244.00247204328,283.793540280437,217.942913018264,260.655135980903
Texas,2016,58284155.0,59314884.0,5053291.0,,,,
Texas,2017,,,,240.94367066802897,282.320510342396,214.87849345961,260.342576542804
Utah,1992,,,,224.042247672311,274.343177142075,220.390231130988,
Utah,1993,1638305.0,1665011.0,462323.0,,,,
Utah,1994,1792011.0,1846448.0,469811.0,,,217.33039276236698,
Utah,1995,1953833.0,2045331.0,472589.0,,,,
Utah,1996,2035726.0,2150719.0,474907.0,226.515841243447,276.77310580851,,
Utah,1997,2187279.0,2178778.0,479812.0,,,,
Utah,1998,2295870.0,2326611.0,480811.0,,,215.409191327204,264.619664664416
Utah,1999,2425600.0,2448591.0,478814.0,,,,
Utah,2000,2546642.0,2478420.0,477835.0,227.292673197294,275.436709934551,,
Utah,2001,2741771.0,2669621.0,477380.0,,,,
Utah,2002,2865058.0,2924051.0,480526.0,,,221.514180550383,263.283637608256
Utah,2003,2875622.0,2957874.0,483066.0,234.782950865289,280.64536966117,219.270338418871,264.30344257817404
Utah,2004,2997200.0,3066684.0,487311.0,,,,
Utah,2005,3181279.0,3188018.0,488055.0,238.797423758414,279.15612342679196,221.310927118758,261.87087212251
Utah,2006,3381146.0,3371338.0,496507.0,,,,
Utah,2007,3656090.0,3618540.0,504079.0,239.40498890696202,281.08747370552504,221.26142812873903,262.22802467896196
Utah,2008,4198001.0,4337917.0,556314.0,,,,
Utah,2009,4238943.0,4419750.0,532433.0,240.318712615955,284.068251870422,219.204130166973,265.591577109328
Utah,2010,4250259.0,4326951.0,538676.0,,,,
Utah,2011,4141253.0,4195916.0,545395.0,242.53751311453098,283.308332086503,220.41603448313703,267.08740609916197
Utah,2012,4217360.0,4330417.0,553873.0,,,,
Utah,2013,4300793.0,4584624.0,562315.0,242.82068873480802,284.331486246838,222.767635531589,270.041925765873
Utah,2014,4405929.0,4385896.0,570423.0,,,,
Utah,2015,4705084.0,4537962.0,573913.0,242.562787058815,286.116911188659,226.14307488268398,269.430664700586
Utah,2016,4952923.0,4923657.0,580215.0,,,,
Utah,2017,,,,242.48076624653302,286.816559110458,225.159172916822,268.7524196631
Vermont,1993,837540.0,809853.0,97454.0,,,,
Vermont,1994,892124.0,869710.0,98377.0,,,,
Vermont,1995,934916.0,891398.0,100317.0,,,,
Vermont,1996,965238.0,975817.0,101064.0,224.88106012534197,279.253243011267,,
Vermont,1997,1022546.0,1069297.0,101584.0,,,,
Vermont,1998,1089658.0,1064388.0,101413.0,,,,
Vermont,1999,1147600.0,1129982.0,100348.0,,,,
Vermont,2000,1211370.0,1193813.0,99609.0,231.69773638279702,283.408381447859,,
Vermont,2001,1300273.0,1306513.0,97715.0,,,,
Vermont,2002,1387074.0,1392880.0,96427.0,,,226.961227404525,271.834589771075
Vermont,2003,1451171.0,1440961.0,94901.0,241.92607241845903,285.6455721843,226.121746629112,270.519439020331
Vermont,2004,1525776.0,1550157.0,93705.0,,,,
Vermont,2005,1628681.0,1634534.0,92819.0,243.52885539429298,287.35648761684104,226.88625100599202,268.772420626961
Vermont,2006,1725093.0,1711762.0,90850.0,,,,
Vermont,2007,1836316.0,1804519.0,89329.0,246.35740495721402,291.010773791979,228.248538219188,273.045757236707
Vermont,2008,1888635.0,1888133.0,87919.0,,,,
Vermont,2009,1683034.0,1661019.0,86320.0,247.767226051132,292.866096352356,228.735783571246,272.305134189083
Vermont,2010,1749898.0,1719870.0,87750.0,,,,
Vermont,2011,1686499.0,1722515.0,86982.0,246.639729922321,293.882577068531,226.771642682085,273.84076504911496
Vermont,2012,1754161.0,1726321.0,87968.0,,,,
Vermont,2013,1817307.0,1809138.0,89200.0,247.803294738209,295.469562357463,227.98651907652697,274.368547733738
Vermont,2014,1895044.0,1876197.0,87990.0,,,,
Vermont,2015,1996795.0,1969415.0,85184.0,243.25039915815398,290.355191159079,230.098616569303,273.961831447048
Vermont,2016,2112365.0,2082696.0,87974.0,,,,
Vermont,2017,,,,240.89329718948397,287.62338824063,226.445343411035,273.402640307413
Virginia,1990,,,,,264.273011342894,,
Virginia,1992,,,,220.76296421573397,267.863726281842,220.753494580772,
Virginia,1993,5918536.0,5955333.0,1032842.0,,,,
Virginia,1994,6125739.0,6276362.0,1044721.0,,,213.45728592843201,
Virginia,1995,6354418.0,6590998.0,1060809.0,,,,
Virginia,1996,6674519.0,6903384.0,1079854.0,222.64321299686,269.754404714393,,
Virginia,1997,7345090.0,7436340.0,1096279.0,,,,
Virginia,1998,7723744.0,7813707.0,1110815.0,,,218.352728377109,266.41968692282995
Virginia,1999,8331336.0,8335873.0,1122858.0,,,,
Virginia,2000,8911426.0,9154676.0,1132673.0,230.39480892807998,276.674991537432,,
Virginia,2001,9493862.0,9862715.0,1143807.0,,,,
Virginia,2002,9914221.0,10209197.0,1162045.0,,,225.00943580011102,269.197450536696
Virginia,2003,10504167.0,10746679.0,1175458.0,239.20308912003503,281.676643366069,223.340359189755,268.004817111028
Virginia,2004,11151172.0,11404055.0,1191035.0,,,,
Virginia,2005,12182657.0,12385157.0,1203697.0,240.497568178325,284.371628221298,225.81371068133998,267.80896673815397
Virginia,2006,13153845.0,13481336.0,1213616.0,,,,
Virginia,2007,14176385.0,14700853.0,1220440.0,243.52112978321603,287.62590496388196,227.13672485221198,266.87873748607603
Virginia,2008,14768120.0,15236306.0,1230857.0,,,,
Virginia,2009,15251481.0,15510318.0,1235064.0,243.07129688880002,286.069754986907,226.52756797670398,265.641981716133
Virginia,2010,14937195.0,14919831.0,1244673.0,,,,
Virginia,2011,14655345.0,14675815.0,1250852.0,245.333618143766,289.255411153431,226.37843469423998,267.272891187823
Virginia,2012,14940479.0,15129464.0,1257332.0,,,,
Virginia,2013,15322318.0,15634918.0,1264880.0,246.177456938875,288.142959517699,228.555737669337,267.589864309109
Virginia,2014,15347862.0,15690444.0,1273211.0,,,,
Virginia,2015,15857524.0,16113212.0,1279867.0,246.612621705962,287.70929867527803,228.97125501022703,266.836053468874
Virginia,2016,16259274.0,16497520.0,1283493.0,,,,
Virginia,2017,,,,248.041059058675,290.08140742764704,227.598382221255,267.74477849910403
Washington,1993,5270961.0,5791436.0,896197.0,,,,
Washington,1994,5739012.0,5968590.0,915952.0,,,212.695385844034,
Washington,1995,5985425.0,6200754.0,938314.0,,,,
Washington,1996,6354593.0,6578388.0,956572.0,225.05329812351798,276.11711956326803,,
Washington,1997,6667626.0,6792261.0,974504.0,,,,
Washington,1998,6928738.0,7211601.0,991235.0,,,216.846967074992,264.713904329936
Washington,1999,7288143.0,7489129.0,999616.0,,,,
Washington,2000,7620930.0,7811937.0,1003714.0,,,,
Washington,2001,7936037.0,8026334.0,1004843.0,,,,
Washington,2002,8250593.0,8362656.0,1009200.0,,,223.655932696814,268.16815433493696
Washington,2003,8565636.0,8802387.0,1014577.0,238.292839469301,281.151364414263,221.096695134157,264.494066459256
Washington,2004,8790531.0,9009980.0,1020990.0,,,,
Washington,2005,9141383.0,9399603.0,1019925.0,241.68467451823898,285.052229728136,223.486397868759,264.656551932316
Washington,2006,9679682.0,9915617.0,1031668.0,,,,
Washington,2007,10350748.0,10682397.0,1026121.0,242.54223198471402,284.862804344983,223.999336825378,264.947778144606
Washington,2008,11195224.0,11677666.0,1029576.0,,,,
Washington,2009,12025012.0,12240632.0,1035907.0,242.25709121275398,288.722375608773,221.330110400417,266.917617143622
Washington,2010,11919090.0,11820814.0,1034735.0,,,,
Washington,2011,11905941.0,11928408.0,1042979.0,243.182884658018,288.107761945489,220.52878797215598,267.577473732317
Washington,2012,11955582.0,12187889.0,1044856.0,,,,
Washington,2013,12242231.0,12097549.0,1050901.0,246.288338069866,289.956988743835,225.048863335833,272.036124410819
Washington,2014,13040197.0,12806300.0,1057773.0,,,,
Washington,2015,13709442.0,13630138.0,1072359.0,244.98142218530103,286.513107597489,225.89288905903098,267.25088066645696
Washington,2016,14964364.0,15253296.0,1083973.0,,,,
Washington,2017,,,,241.70100096535802,289.13125718319196,223.123408781764,271.617022995208
West Virginia,1990,,,,,255.899060067677,,
West Virginia,1992,,,,215.268928423619,259.08644839191896,215.535595080532,
West Virginia,1993,1832154.0,1829848.0,317719.0,,,,
West Virginia,1994,1854403.0,1843973.0,313750.0,,,213.146934703516,
West Virginia,1995,1916605.0,1925100.0,310231.0,,,,
West Virginia,1996,1958647.0,1936848.0,306451.0,223.350132747101,264.865205444032,,
West Virginia,1997,2053981.0,2018185.0,303441.0,,,,
West Virginia,1998,2178936.0,2100841.0,300737.0,,,216.443251227676,261.57792090563
West Virginia,1999,2190420.0,2169432.0,296551.0,,,,
West Virginia,2000,2243151.0,2243563.0,290982.0,224.848298072233,270.78007629135504,,
West Virginia,2001,2321731.0,2310098.0,285785.0,,,,
West Virginia,2002,2413744.0,2427316.0,282145.0,,,218.777794121694,263.689781060585
West Virginia,2003,2497707.0,2524444.0,281591.0,230.767748452518,270.770353447282,219.179524491303,259.564237912782
West Virginia,2004,2585084.0,2603996.0,280561.0,,,,
West Virginia,2005,2701056.0,2698703.0,279456.0,230.84326791657298,269.099492803301,214.767066412741,255.07337956310002
West Virginia,2006,2814536.0,2852607.0,279788.0,,,,
West Virginia,2007,2905489.0,2983267.0,281298.0,236.33780580016702,270.084093587271,215.13055545931098,254.99855238547798
West Virginia,2008,2965828.0,3068910.0,281735.0,,,,
West Virginia,2009,3097212.0,3121728.0,281908.0,232.983144485532,270.415765915327,214.520200208315,254.799747493408
West Virginia,2010,3176874.0,3484593.0,281828.0,,,,
West Virginia,2011,3475642.0,3670119.0,282130.0,234.655806758932,273.263173122564,214.386024190084,256.10686155675097
West Virginia,2012,3970941.0,3536971.0,282088.0,,,,
West Virginia,2013,3486366.0,3488877.0,282310.0,237.440632664342,274.430134697899,214.663401291545,257.383509312362
West Virginia,2014,3514889.0,3499873.0,280265.0,,,,
West Virginia,2015,3478401.0,3466981.0,279565.0,235.20466146206502,271.45070884715,216.25328788386398,260.185272642999
West Virginia,2016,3391579.0,3366566.0,276764.0,,,,
West Virginia,2017,,,,236.057018907755,273.415853633933,217.31639617381802,258.700303604492
Wisconsin,1990,,,,,274.487372277466,,
Wisconsin,1992,,,,228.692001118186,277.879134613647,223.608070704623,
Wisconsin,1993,5357945.0,5640718.0,829085.0,,,,
Wisconsin,1994,5682439.0,5860230.0,843747.0,,,224.17454529557202,
Wisconsin,1995,6006745.0,6056854.0,865374.0,,,,
Wisconsin,1996,6342623.0,6521058.0,869930.0,231.41185147962398,282.848741719953,,
Wisconsin,1997,6724752.0,6990489.0,879021.0,,,,
Wisconsin,1998,7083655.0,7532110.0,881552.0,,,224.34723177863398,265.976765009526
Wisconsin,1999,7415243.0,7875805.0,878983.0,,,,
Wisconsin,2000,7848352.0,8183251.0,877165.0,,,,
Wisconsin,2001,8363904.0,8574804.0,875569.0,,,,
Wisconsin,2002,8624767.0,8863966.0,875216.0,,,,
Wisconsin,2003,8931497.0,9128279.0,875390.0,236.75541398272597,283.91586565449404,220.833427555838,266.46861763683603
Wisconsin,2004,9183588.0,9126345.0,874233.0,,,,
Wisconsin,2005,9584108.0,9433502.0,869301.0,240.568581924116,284.541556582959,221.16422654343899,266.228560789199
Wisconsin,2006,9855692.0,9779642.0,869596.0,,,,
Wisconsin,2007,10154985.0,9988878.0,870584.0,244.181214196835,285.617942521924,223.31800981087602,264.184509633385
Wisconsin,2008,10619354.0,10545964.0,867929.0,,,,
Wisconsin,2009,10991081.0,10880480.0,867035.0,243.585253522635,288.140726236317,220.135540597472,265.812615742952
Wisconsin,2010,11289720.0,11116821.0,864898.0,,,,
Wisconsin,2011,11664303.0,11440718.0,864251.0,244.691865519641,288.665932686223,221.23990687237202,267.16702974162
Wisconsin,2012,11139967.0,10724377.0,863314.0,,,,
Wisconsin,2013,11097447.0,10845059.0,863737.0,244.706291648161,288.74578084165404,220.818103448031,267.54299418783296
Wisconsin,2014,11330253.0,11255186.0,865119.0,,,,
Wisconsin,2015,11637376.0,11553677.0,861813.0,243.31021131879902,289.077749211995,223.35635551293498,269.533726363214
Wisconsin,2016,11697466.0,11787535.0,857736.0,,,,
Wisconsin,2017,,,,240.389213393097,288.14314431546904,219.612694271246,269.371456395493
Wyoming,1990,,,,,272.147965478912,,
Wyoming,1992,,,,225.377591635114,275.080076053804,222.983186582396,
Wyoming,1993,615130.0,614807.0,100313.0,,,,
Wyoming,1994,674921.0,623146.0,100899.0,,,221.185555866572,
Wyoming,1995,634237.0,642935.0,100314.0,,,,
Wyoming,1996,664057.0,676305.0,99859.0,223.196002932912,274.77894697866697,,
Wyoming,1997,660079.0,695127.0,98777.0,,,,
Wyoming,1998,703280.0,706801.0,96504.0,,,219.010779618272,262.118986062654
Wyoming,1999,780875.0,739019.0,94420.0,,,,
Wyoming,2000,787323.0,769923.0,91883.0,229.251922742069,276.68998034322004,,
Wyoming,2001,804297.0,787949.0,89711.0,,,,
Wyoming,2002,908719.0,868607.0,87897.0,,,221.129753649229,264.938465791346
Wyoming,2003,962240.0,915515.0,85966.0,241.08570064627898,283.50334994463,222.075166369555,267.00102854451
Wyoming,2004,974888.0,953916.0,86925.0,,,,
Wyoming,2005,1132160.0,1033603.0,84146.0,242.955913765367,282.10060959815496,223.262145963811,268.124234884295
Wyoming,2006,1150345.0,1146527.0,86155.0,,,,
Wyoming,2007,1477891.0,1390344.0,85034.0,243.86691506428397,286.987771483089,225.289483281059,266.22554358249
Wyoming,2008,1602514.0,1517325.0,85991.0,,,,
Wyoming,2009,1675761.0,1658156.0,86971.0,242.009195680162,286.10403398533,222.65219632999901,268.159428117446
Wyoming,2010,1718605.0,1696177.0,87379.0,,,,
Wyoming,2011,1650621.0,1656850.0,88165.0,243.874435027563,287.767926048951,224.062278090794,269.568729685871
Wyoming,2012,1664983.0,1670728.0,89994.0,,,,
Wyoming,2013,1695967.0,1675477.0,91533.0,246.52240092011502,288.119137263578,225.84897495660198,270.966172221906
Wyoming,2014,1772633.0,1775999.0,92732.0,,,,
Wyoming,2015,1962874.0,1942406.0,93867.0,246.75976446726798,286.666547067471,228.160802772906,268.803363090763
Wyoming,2016,2044669.0,2034229.0,94511.0,,,,
Wyoming,2017,,,,247.82061920913398,288.761811740442,226.83121099577002,269.020028155068
